apartment,area,floor,lease_mode,orientation,price,quarters,renovation,title
3室2厅1卫,94平米,高层,整租,南,3000,"合和新城,花都,镜湖大道,距9号线清埗约859米,迎宾大道3号（近万和北路）",精装修,合和新城 全新三房 出租 拎包入住
1室1厅1卫,52平米,高层,整租,南,2500,"雅居乐汇通国际(商用),花都,建设北,平步大道西汇通广场",豪华装修,汇通 全新豪华装修 家私电齐全 即可拎包入住
1室1厅1卫,40平米,中层,整租,南,1200,"学府花园,花都,新区,平步大道中学府路2号",精装修,花园，40方电梯单间，小区管理，
1室1厅1卫,58平米,中层,整租,北,2300,"合和新城,花都,镜湖大道,距9号线清埗约859米,迎宾大道3号（近万和北路）",精装修,温馨一室一厅 家私家电齐全
1室1厅1卫,55平米,中层,整租,东南,1900,"京仕商业广场,花都,旧区,距9号线清埗约826米,新华镇迎宾大道179号",简装修,京仕广场 精装一房 机组车线 配套成熟 欢迎拎包入住
1室1厅1卫,35平米,高层,整租,南北,850,"金联小区,花都,旧区,距9号线花果山公园约718米,天贵路与商业大道交汇处",简装修,小区一房一厅 家电齐全 拎包入住 邻近地铁
3室2厅1卫,110平米,中层,整租,南,3000,"云峰花园,花都,镜湖大道,距9号线清埗约457米,镜湖大道2号",精装修,什么样的房子讨人喜欢，回答肯定是清爽的.一眼望去干干净净舒服
1室1厅1卫,54平米,低层,整租,北,1800,"星港国际(商用),花都,旧区,距9号线莲塘约71米,新华迎宾大道东侧（广大附中斜对面）",精装修,碧桂园.星港国际，莲塘地铁口，花都湖湿地公园，广大
4室2厅2卫,153平米,低层,整租,南,3300,"中房观湖国际,花都,新区,滨湖路12号",简装修,中房观湖国际 4房2厅 带主套 仅需3300元/悦 全屋家私
2室2厅1卫,108平米,中层,整租,南,2000,"美林湖国际社区,花都,美林湖,山前大道168号",简装修,美林湖 温馨舒适装修 安静望花园 家私家电齐全
2室2厅1卫,80平米,高层,整租,南,800,"美林湖国际社区,花都,美林湖,山前大道168号",简装修,美林湖 两房格局方正 通风采光好 安静望花园
2室2厅1卫,84平米,中层,整租,南,2500,"云珠花园,花都,新区,距9号线马鞍山公园约847米,龙珠路35号",精装修,云珠花园 温馨2房 机场沿线 大润发商圈 近口 生活便利
3室2厅1卫,116平米,高层,整租,南,1800,"文苑小区,花都,新区,新华镇建设北路",精装修,文苑小区 精装3房 近邝维煜 周边生活便利 家私电齐全
3室2厅1卫,98平米,高层,整租,北,2700,"合和新城,花都,镜湖大道,距9号线清埗约859米,迎宾大道3号（近万和北路）",精装修,合和新城旁百合机场沿线，美食街楼上，交通便利，随时看
1室1厅1卫,48平米,高层,整租,南,1900,"云峰花园,花都,镜湖大道,距9号线清埗约457米,镜湖大道2号",精装修,云峰，机场沿线，购物方便，交通便利，全新配套，
3室2厅2卫,118平米,高层,整租,南北,2400,"凤凰御景花园,花都,新区,花都区凤凰北路34号",精装修,俊怡御景花园 3房2300
3室2厅2卫,121平米,低层,整租,南,3000,"俊怡御景花园,花都,建设北,三东大道西建设北路西侧",精装修,俊怡御景花园，朝南3房2卫 家电全齐 温馨舒适，保养新净
1室1厅1卫,40平米,中层,整租,南北,1600,"勤天SOLO上作,花都,镜湖大道,距9号线清埗约580米,花都区镜湖迎宾大道",简装修,安合勤天 地铁口物业 空港快线 一房一厅 家具齐全
2室2厅1卫,85平米,中层,整租,南,2800,"雅居乐雍逸豪廷,花都,新区,距9号线花都广场约719米,花都区凤凰北路32-33号",精装修,雅居乐一期 大润发旁 两房出租 附近配套齐全交通方便
3室2厅2卫,124平米,中层,整租,南,2800,"骏威广场,花都,旧区,距9号线花果山公园约618米,公益大道1号",精装修,骏威广场 雅苑 电梯大三房 家电齐全
2室2厅1卫,90平米,低层,整租,南北,1500,"美力锦颐雅居,花都,建设北,新华街三东大道45号",精装修,美力锦颐雅居 建设北路和三东大道交界处，政府旁，2室2厅1卫
1室1厅1卫,55平米,中层,整租,南,1680,"凯旋国际公寓,花都,新区,距9号线马鞍山公园约869米,花都区三东大道南侧、百寿路西侧、梅花路北侧",豪华装修,凯旋国际，朋友的房子放租，口单身，拎包即住
3室2厅2卫,118平米,中层,整租,北,2500,"俊怡御景花园,花都,建设北,三东大道西建设北路西侧",精装修,御景花园价格便宜环境优美
3室2厅2卫,117平米,中层,整租,南,2200,"狮城国际,花都,狮岭,花都区狮岭镇雄师大道中",精装修,真狮城国际 3房2卫出租 家私家电齐全 拎包入住
3室2厅2卫,119平米,中层,整租,东南,2500,"祈福辉煌台,花都,铁路西,云山大道农新路1号",精装修,祈福辉煌台 广州北站 高速出口旁 三房两卫家电齐全
1室1厅1卫,50平米,中层,整租,西,2000,"京仕商业广场,花都,旧区,距9号线清埗约826米,新华镇迎宾大道179号",简装修,京仕广场地铁口物业 机场快线 家私家电齐全 拎包入住
1室2厅1卫,48平米,高层,整租,西,2500,"云峰花园,花都,镜湖大道,距9号线清埗约457米,镜湖大道2号",精装修,机组车上下点 云峰 复式楼出租 家电齐全 出行方便 仅一套
2室2厅1卫,60平米,高层,整租,南,2500,"合和新城,花都,镜湖大道,距9号线清埗约859米,迎宾大道3号（近万和北路）",精装修,合和新城 小两房 精装修 拎包入住
3室2厅2卫,99平米,中层,整租,南,2300,"豪利花园,花都,镜湖大道,镜湖大道18号",精装修,豪利花园三房两厅两卫，随时可以看房，，交通便利，
1室1厅1卫,48平米,高层,整租,北,2000,"京仕商业广场,花都,旧区,距9号线清埗约826米,新华镇迎宾大道179号",精装修,京仕广场，温馨单间，独立阳台，厨房，随时看房，机场沿线，
1室1厅1卫,48平米,中层,整租,北,2200,"京仕商业广场,花都,旧区,距9号线清埗约826米,新华镇迎宾大道179号",精装修,京仕广场，独立厨房阳台，机场快线，楼下美食街，交通便利
3室2厅2卫,135平米,中层,整租,南,3000,"骏威广场,花都,旧区,距9号线花果山公园约618米,公益大道1号",精装修,花都五小 精装实用大三房 家私家电齐全  看房方便
3室2厅2卫,98平米,高层,整租,南,3000,"美林轩逸时光,花都,镜湖大道,镜湖大道16号",精装修,空港经济区 美林轩逸时光 三房两卫 南向看花园 家电齐全
3室2厅2卫,93平米,高层,整租,北,3000,"合和新城,花都,镜湖大道,距9号线清埗约859米,迎宾大道3号（近万和北路）",精装修,清布 清塘双地铁口 合和新城 精装三房 带主套 家电齐全 家住风格
2室2厅1卫,58平米,中层,整租,北,2300,"合和新城,花都,镜湖大道,距9号线清埗约859米,迎宾大道3号（近万和北路）",精装修,合和新城，欧式配套两房，机场沿线，房子干净整洁，可拎包入住
4室3厅3卫,245平米,高层,整租,西北,4000,"花都区金碧御水山庄772(花都/山前大道),广州市花都区狮岭镇",精装修,花都区金碧御水山庄7724室3厅3卫
1室1厅1卫,100平米,低层,整租,南,1500,"天湖峰境,花都,花东,广州花都",简单装修,天湖峰境2室1厅1卫
1室1厅1卫,100平米,低层,整租,南,580,"友田碧云轩,花都,狮岭,广州花都",简单装修,友田碧云轩1室1厅1卫
1室1厅1卫,100平米,低层,整租,南,600,"鼎信四季花园,花都,建设北,广州花都",简单装修,鼎信四季花园1室1厅1卫
1室1厅1卫,100平米,低层,整租,南,1250,"祈福辉煌台南岸,花都,铁路西,广州花都",简单装修,祈福辉煌台南岸3室2厅1卫
2室1厅1卫,82平米,中层,整租,南,1450,"实用两房——新花苑小区(花都/旧区),秀全大道新花街2号",中等装修,花都旧区实用两房——新花苑小 82平米2室1厅1卫
1室0厅1卫,60平米,高层,整租,南,2700,"星港国际(商用),花都,旧区,距9号线莲塘约71米,新华迎宾大道东侧(广大*斜*)",精装修,星港国际(商用) 整租 1室0厅1卫 60平米(个人)
1室1厅1卫,46平米,中层,整租,东南,1500,"花都万达旅游城(花都/新区),凤凰北路万达旅游城*",精装修,花都新区花都万达旅游城 46平米1室1厅1卫
2室1厅1卫,70平米,低层,整租,南,3300,"宝华路21号,花都,旧区,距1号线长寿路站约487米,宝华路21号",简单装修,宝华路21号2室1厅1卫
1室1厅1卫,80平米,低层,整租,南北,500,"花都雅居乐花园,花都,新区,新华镇凤凰北路33号",精装修, 整租 1室1厅1卫 80平米(个人)
3室2厅1卫,96平米,高层,整租,南,2400,"城央御景,花都,新区,距9号线广州北站约1087米,新华街新街大道72号",精装修,花都新区城央御景 96平米3室2厅1卫
3室2厅2卫,102平米,高层,整租,东南,2800,"祈福万景峰,花都,铁路西,距9号线广州北站约1046米,花都区新华镇新街大道中",豪华装修,祈福万景峰3房2厅带齐拎包入住
3室2厅2卫,128平米,高层,整租,南,3000,"钻石豪庭,花都,新区,距9号线花都广场约595米,新华镇紫薇路88号",精装修,新区繁华地段 钻石豪庭 精装修 拎包即住 骏壹万邦盘 地铁口物业
3室2厅2卫,114平米,高层,整租,南,3000,"时代美居,花都,新区,距9号线花果山公园约621米,新华镇宝华路30号",精装修,时代美居精装三房拎包入住
3室2厅2卫,120平米,高层,整租,南,4500,"锦尚蓬莱苑,花都,新区,距9号线莲塘约950米,花都区新华镇商业大道以北凤凰北路东侧",简装修,锦尚蓬莱 精装3房 带主套 业主出租 图片
4室2厅2卫,156平米,低层,整租,南,4200,"御华园,花都,狮岭,花都区狮岭镇狮岭大道东1号",精装修,花都狮岭御华园 156平米4室2厅2卫
1室0厅1卫,46平米,中层,整租,东南,1500,"保利高尔夫郡,花都,铁路西,距9号线飞鹅岭约325米,风神大道新体育馆旁",精装修,保利高尔夫郡一房出租只要1500元 家电齐全拎包入住 地铁口
3室2厅1卫,105平米,高层,整租,南,1700,"银菊花小区,花都,新区,距9号线花都广场约712米,公益路18号",简装修,银菊花三房出租，格局方正实用高，小区管理，光线通风好
3室2厅1卫,88平米,中层,整租,南北,2000,"保利城,花都,铁路西,距9号线飞鹅岭约883米,风神大道与花港大道交汇处",精装修,保利城花园 经典小三房 家电齐全，拎包入住只要租2000元
1室0厅1卫,46平米,中层,整租,南,1500,"保利高尔夫郡,花都,铁路西,距9号线飞鹅岭约325米,风神大道新体育馆旁",精装修,保利高尔夫郡 1房卫1厨房 全新家私电器，拎包入住
1室1厅1卫,53平米,高层,整租,北,1900,"雅居乐汇通国际(商用),花都,建设北,平步大道西汇通广场",精装修,汇通国际复式使用商用住宅环境优美交通便利
2室2厅1卫,90平米,中层,整租,南,2500,"云珠花园,花都,新区,距9号线马鞍山公园约847米,龙珠路35号",精装修,好消息：出租云珠花园房子 精装修 
3室2厅2卫,96平米,中层,整租,南,2200,"利康楼,花都,新区,距9号线花果山公园约450米,新华镇宝华路",精装修,利康楼 花果山地铁口 精装三房 家私电齐全 拎包入住
2室2厅1卫,84平米,中层,整租,南,3000,"凤凰御景花园,花都,新区,花都区凤凰北路34号",精装修,新区凤凰御景 全新装修未住过 拎包入住 骏壹万邦旁 地铁口旁
3室1厅1卫,113平米,中层,整租,南,2000,"云峰学府南苑,花都,新区,新华街乐同村学府路",简装修,南苑家私电齐，拎包即住业主诚意出租
2室2厅1卫,61平米,低层,整租,南,2300,"湖景居小区,花都,旧区,距9号线花城路约527米,新华街花城南路湖景居小区",精装修,祈福新村湖景居 南向单边位两房 全新装修 近湖边环境好
2室2厅1卫,83平米,低层,整租,南,2300,"保利花城,花都,新区,花都区三东大道以西",精装修,保利花城两房两厅2300元一个月
3室2厅2卫,118平米,高层,整租,西南,2600,"鼎信四季花园,花都,建设北,新华街建设北路211号",精装修,四季花园新装修房子
2室2厅1卫,70平米,低层,整租,南,2200,"美林轩逸时光,花都,镜湖大道,镜湖大道16号",精装修,超级，美林轩逸时光全新精装修2室，舒适的享受
2室2厅1卫,87平米,高层,整租,南,2300,"南航花园,花都,新区,距9号线马鞍山公园约737米,新华镇新都大道103号",精装修,南航花园！机场快线！精装修精致两房，电梯中层
5室2厅1卫,206平米,高层,整租,南,2500,"时代美居,花都,新区,距9号线花果山公园约621米,新华镇宝华路30号",精装修,时代美居复式，格局方正，东南靓向，小区管理，近地铁口物业
3室2厅1卫,102平米,中层,整租,南,2600,"南航花园,花都,新区,距9号线马鞍山公园约737米,新华镇新都大道103号",精装修,机场快线 南航花园 精装三房 家私家电齐全 带大平台
2室2厅1卫,93平米,中层,整租,南,2600,"嘉汇城,花都,镜湖大道,广花路东镜段",简装修,嘉汇城 精装2房2厅 2700元实惠出租 光线充足 位置安静
2室1厅1卫,66平米,高层,整租,南,2000,"雅居乐锦城花漾集,花都,新区,新华镇三东大道西",精装修,雅居乐锦城 干净舒适漂亮 通风采光好 家电齐拎包入住
2室1厅1卫,60平米,低层,整租,南,1200,"天马河公馆,花都,铁路西,新街大道望亭路15号",简装修,天马丽苑新房2房2厅配齐家私家电出租
3室2厅1卫,102平米,低层,整租,南,3500,"南航花园,花都,新区,距9号线马鞍山公园约737米,新华镇新都大道103号",精装修,南航花园 全新家私电 南向望花园 骏威 近花都广场站出口
4室2厅1卫,138平米,高层,整租,东北,3500,"祈福生活无限,花都,新区,距9号线莲塘约1018米,新华街凤凰南路83号",豪华装修,花都湖旁 祈福生活豪华装修四房
3室2厅1卫,98平米,高层,整租,北,2700,"合和新城,花都,镜湖大道,距9号线清埗约859米,迎宾大道3号（近万和北路）",简装修,合和新城旁百合机场沿线，美食街楼上，交通便利，随时看
2室2厅1卫,77平米,中层,整租,东南,1900,"祈福天龙苑,花都,铁路西,距9号线广州北站约1046米,花都区新华镇新街大道中",豪华装修,祈福天龙苑2房出租，家私家电全齐
2室2厅1卫,84平米,高层,整租,南,2800,"南航花园,花都,新区,距9号线马鞍山公园约737米,新华镇新都大道103号",精装修,南航花园 温馨2房 近地铁口 机场沿线 家私电齐全 拎包入住
4室2厅2卫,130平米,中层,整租,南北,2000,"花都花城苑,花都,新区,距9号线花果山公园约434米,宝华路46号",精装修,花城苑四房出租 小区管理环境舒适，就近地铁交通便利！
1室1厅1卫,45平米,低层,整租,东南,1900,"京仕商业广场,花都,旧区,距9号线清埗约826米,新华镇迎宾大道179号",简装修,京仕广场 精装 机场快线 地铁口，精装修
2室2厅1卫,43平米,低层,整租,南,2500,"祈福生活无限,花都,新区,距9号线莲塘约1018米,新华街凤凰南路83号",中装修,凤凰南路祈福生活复式两房，格局方正，家私电器齐全，采光通
2室2厅1卫,76平米,中层,整租,南,2000,"祈福万景峰,花都,铁路西,距9号线广州北站约1046米,花都区新华镇新街大道中",豪华装修,温馨两房出租家私家电全齐
2室2厅1卫,85平米,中层,整租,北,2600,"南航花园,花都,新区,距9号线马鞍山公园约737米,新华镇新都大道103号",精装修,南航花园 口 机组沿线 温馨2房 大润发商圈 家私家电齐
1室0厅1卫,47平米,高层,整租,南,1500,"保利高尔夫郡,花都,铁路西,距9号线飞鹅岭约325米,风神大道新体育馆旁",精装修,保利高尔夫郡 精装修 房东次出租 一分价一分货 可看房
1室1厅1卫,48平米,中层,整租,西南,2300,"云峰花园,花都,镜湖大道,距9号线清埗约457米,镜湖大道2号",精装修,云峰花园，复式，机场快线，地铁口物业
3室2厅2卫,129平米,中层,整租,南,3500,"锦尚蓬莱苑,花都,新区,距9号线莲塘约950米,花都区新华镇商业大道以北凤凰北路东侧",精装修,新区锦尚蓬莱 大润发旁 马鞍山旁 环境优美 家私电齐 拧包入住
1室1厅1卫,46平米,高层,整租,南,1800,"云峰花园,花都,镜湖大道,距9号线清埗约457米,镜湖大道2号",精装修,听说你近来还在找一房一厅那么！请看云峰花园精装一房一厅
3室2厅1卫,106平米,高层,整租,南,4000,"锦东花园A区,花都,新区,距9号线花都广场约903米,新华街桂花路61号（紫薇路北侧、桂花路西侧）",精装修,锦东花园区，全新清新装！户型方正，家私电齐全，可拎包入住
2室2厅1卫,86平米,高层,整租,南,2300,"合和新城,花都,镜湖大道,距9号线清埗约859米,迎宾大道3号（近万和北路）",精装修,合和新城旁百合复式欧式配套，中空客厅，机场沿线，便利
2室1厅1卫,65平米,低层,整租,南,2600,"宝华路21号,花都,旧区,距1号线长寿路站约487米,宝华路21号",简装修,宝华路 正规两房 采光充足 随时可看
2室2厅1卫,68平米,中层,整租,南,2600,"合和新城,花都,镜湖大道,距9号线清埗约859米,迎宾大道3号（近万和北路）",精装修,合和新城 紧缺两房 精装修 家私电齐
3室2厅2卫,83平米,中层,整租,东南,3300,"凤凰御景花园,花都,新区,花都区凤凰北路34号",精装修,花都区 凤凰御景 近地铁 全新装修家私家电 未入住 南向两房
3室2厅1卫,97平米,中层,整租,南,2800,"合和新城,花都,镜湖大道,距9号线清埗约859米,迎宾大道3号（近万和北路）",简装修,新区合和新城 机组车快线 精装修3房 家私电齐全 拎包入住
2室2厅1卫,44平米,中层,整租,南,2200,"祈福生活无限,花都,新区,距9号线莲塘约1018米,新华街凤凰南路83号",简装修,祈福生活 2房2厅出租 2200元 南向望花园 装修新净
3室2厅2卫,92平米,中层,整租,南北,2700,"雅居乐锦城,花都,新区,新华三东大道西（南方花卉交易中心西侧）",精装修,新区92平南北通透家具家电全齐拎包即住沿线
3室2厅1卫,110平米,高层,整租,南,3000,"云峰花园,花都,镜湖大道,距9号线清埗约457米,镜湖大道2号",精装修,急急急 云峰花园 精装正三房 看房有钥匙 随时可租
1室1厅1卫,53平米,中层,整租,南,2000,"雅居乐汇通国际(商用),花都,建设北,平步大道西汇通广场",豪华装修,有家有爱有温馨！雅居乐汇通国际温馨1室！让您享受生活
2室1厅1卫,70平米,中层,整租,南,1500,"都会雅苑,花都,新区,距9号线花都广场约802米,新华街玫瑰路8号",简装修,新区都会雅苑花都广场温馨精装大两房实拍图片家私电器全齐
1室1厅1卫,46平米,中层,整租,南,1800,"云峰花园,花都,镜湖大道,距9号线清埗约457米,镜湖大道2号",精装修,快来！快来！点进来云峰，但是不低端，给你精致的小屋
2室2厅1卫,80平米,中层,整租,南,1000,"美林湖国际社区天汇半岛,花都,美林湖,山前大道168号",简装修,美林湖 通风采光好 望花园 安静温馨舒适
3室2厅1卫,94平米,低层,整租,南,3500,"锦尚蓬莱苑,花都,新区,距9号线莲塘约950米,花都区新华镇商业大道以北凤凰北路东侧",简装修,锦尚蓬莱 比邻马鞍山公园 温馨三房
3室2厅2卫,100平米,低层,整租,南北,3100,"御华园,花都,狮岭,花都区狮岭镇狮岭大道东1号",精装修,御华园 精装三房带主套 大入户花园 家私家电齐全 拎包入住
3室1厅1卫,103平米,高层,整租,南,2000,"花都银燕大厦,花都,新区,距9号线花果山公园约855米,新区公益路7号",简装修,银燕大夏 三房出租
3室2厅1卫,98平米,高层,整租,南北,2000,"合和新城,花都,镜湖大道,距9号线清埗约859米,迎宾大道3号（近万和北路）",精装修,合和新城，正规3室，拎包入住，省钱又省心
1室1厅1卫,50平米,中层,整租,南,1600,"勤天SOLO上作,花都,镜湖大道,距9号线清埗约580米,花都区镜湖迎宾大道",简装修,地铁口 勤天上作 花都湖旁 环境优雅 家电全配
2室2厅1卫,58平米,中层,整租,北,1500,"祈福天龙苑,花都,铁路西,距9号线广州北站约1046米,花都区新华镇新街大道中",精装修,地铁口，拎包入住
1室0厅1卫,25平米,中层,整租,南,300,"五华直街小区,花都,旧区,新华镇五华直街",简装修,五华直街 单间出租 交通便利 随时看房
2室2厅1卫,86平米,高层,整租,北,2000,"合和新城,花都,镜湖大道,距9号线清埗约859米,迎宾大道3号（近万和北路）",精装修,合和新城百合精装两房，机场沿线，，图片
2室2厅1卫,83平米,中层,整租,南,2800,"云珠花园,花都,新区,距9号线马鞍山公园约847米,龙珠路35号",精装修,新区地段，大润发广百旁，周边市场配套齐全，拎包即住
3室1厅2卫,97平米,低层,整租,北,2700,"云珠花园,花都,新区,距9号线马鞍山公园约847米,龙珠路35号",精装修,龙珠路云珠花园三房，家私家电齐看房方便，格局方正，通风采光好
3室2厅1卫,93平米,高层,整租,南,2900,"云峰花园,花都,镜湖大道,距9号线清埗约457米,镜湖大道2号",简装修,时尚简约，辛苦工作的你，给自己一个温馨的家。等你来入住
2室2厅1卫,82平米,中层,整租,南,1450,"美林湖国际社区四期天汇半岛,花都,美林湖,山前大道168号",简装修,美林湖 通风采光好 温馨舒适 干净整洁 安静望花园
3室1厅1卫,77平米,高层,整租,南,2000,"祈福天龙苑,花都,铁路西,距9号线广州北站约1046米,花都区新华镇新街大道中",中装修,地铁口祈福天龙苑小三房租2000家电齐
2室2厅1卫,73平米,高层,整租,北,2000,"京仕商业广场,花都,旧区,距9号线清埗约826米,新华镇迎宾大道179号",简装修,百合 二房 精装修 看房很方便
1室1厅1卫,50平米,中层,整租,南,1600,"云峰花园,花都,镜湖大道,距9号线清埗约457米,镜湖大道2号",精装修,云峰花园 一房一厅 机组快线 地铁口旁边 空港经济圈
2室2厅1卫,87平米,中层,整租,南,2500,"云峰花园,花都,镜湖大道,距9号线清埗约457米,镜湖大道2号",简装修,云峰花园 舒适2房2厅 2500元温馨出租 小区配套成熟 中
2室2厅1卫,84平米,低层,整租,南,3300,"紫薇豪苑,花都,新区,距9号线马鞍山公园约483米,区新华街兰花路5号",精装修,紫薇丽都 骏壹万邦商圈 温馨2房2厅 地铁口物业 低于市场价有钥匙
2室2厅1卫,62平米,高层,整租,东,2200,"合和新城,花都,镜湖大道,距9号线清埗约859米,迎宾大道3号（近万和北路）",简装修,合和新城 地铁口 两房带精装修 家私家电齐全仅租2200元
2室2厅1卫,72平米,低层,整租,南北,1600,"云峰学府南苑,花都,新区,新华街乐同村学府路",精装修,南苑 精装2房 家私家电齐全 拎包入住
4室2厅2卫,145平米,高层,整租,南,3200,"美力百富雅苑,花都,新区,距9号线花果山公园约1084米,新华街云山大道东",简装修,百富雅苑 豪气四房 家电齐全
1室1厅1卫,45平米,低层,整租,南,1600,"云峰花园,花都,镜湖大道,距9号线清埗约457米,镜湖大道2号",精装修,云峰 配套齐全 干净舒适 看过都喜欢
2室2厅1卫,88平米,高层,整租,北,2300,"芙蓉春晓,花都,狮岭,狮岭镇芙蓉大道东侧（新庄村）",豪华装修,芙蓉春晓高层两房新装修家电齐全2300月，长租可以2000月
2室1厅1卫,70平米,中层,整租,南,1900,"都会雅苑,花都,新区,距9号线花都广场约802米,新华街玫瑰路8号",简装修,新区都会雅苑 花都广场温馨精装大两房 实拍图片 家私电器全齐
3室2厅1卫,100平米,中层,整租,南,2200,"狮城国际,花都,狮岭,花都区狮岭镇雄师大道中",简装修,狮城国际 三房 中装修 温馨舒适 家私家电齐全 随看随住
4室2厅2卫,122平米,中层,整租,南,4300,"半山茗苑,花都,新区,距9号线马鞍山公园约738米,凤凰北路12号",精装修,半山茗苑，幽静舒适豪宅，锦尚蓬莱旁，凤凰北路繁华路段配套齐全
2室2厅1卫,86平米,高层,整租,北,2000,"合和新城,花都,镜湖大道,距9号线清埗约859米,迎宾大道3号（近万和北路）",简装修,合和新城百合精装两房，机场沿线，，图片
2室2厅1卫,68平米,中层,整租,南,2600,"合和新城,花都,镜湖大道,距9号线清埗约859米,迎宾大道3号（近万和北路）",简装修,合和新城 紧缺两房 精装修 家私电齐
3室1厅1卫,98平米,高层,整租,南,1600,"骏豪雅苑,花都,新区,距9号线花都广场约593米,新区龙珠路20号",精装修,新区骏豪雅苑 全新精装三房 大润发旁 拎包入住 交通方便
3室2厅1卫,95平米,中层,整租,南,1000,"南华时代城,花都,铁路西,花都区新华街工业大道18号",精装修,南华时代城3房2厅精装修出租
3室2厅1卫,92平米,中层,整租,南,2800,"合和新城,花都,镜湖大道,距9号线清埗约859米,迎宾大道3号（近万和北路）",简装修,合和新城 装修温馨舒适 3房2厅 环境好 家电齐全
3室2厅2卫,110平米,中层,整租,南,3300,"云珠花园,花都,新区,距9号线马鞍山公园约847米,龙珠路35号",精装修,云珠花园 3房出租 豪华装修 家私家电齐全 机场快线 来又来旁
2室2厅1卫,87平米,中层,整租,南,2100,"祈福辉煌台,花都,铁路西,云山大道农新路1号",简装修,北站西广场旁 祈福辉煌台 交通方便 生活便利 管理严密 值得考虑
2室2厅1卫,78平米,高层,整租,南,2700,"云珠花园,花都,新区,距9号线马鞍山公园约847米,龙珠路35号",精装修,新区云珠花园 有地铁 大润发旁 精装二房 家私齐全 采光好绿
3室2厅1卫,89平米,高层,整租,南,2500,"美林轩逸时光,花都,镜湖大道,镜湖大道16号",简装修,美林轩逸时光，机场快线，可以拎包入住，精装修3房
1室1厅1卫,46平米,中层,整租,东北,1700,"云峰花园,花都,镜湖大道,距9号线清埗约457米,镜湖大道2号",简装修,追求品质的生活，大气的户型，优雅的环境，您值得拥有！
3室2厅2卫,100平米,高层,整租,南北,2800,"豪利花园,花都,镜湖大道,镜湖大道18号",精装修,豪利花园 精装修 家电齐全 拎包入住
4室2厅2卫,145平米,低层,整租,南北,2800,"锦尚名苑,花都,新区,距9号线马鞍山公园约441米,新区兰花路3号",精装修,锦尚名苑 地铁口，干净舒适4房 拎包入住 欢迎爱干净的入住
2室2厅1卫,64平米,高层,整租,南,1600,"银菊花小区,花都,新区,距9号线花都广场约712米,公益路18号",简装修,公益路银菊花温馨两房出租，南北对流，格局方正，价钱低快租。
1室1厅1卫,46平米,中层,整租,北,1500,"勤天SOLO上作,花都,镜湖大道,距9号线清埗约580米,花都区镜湖迎宾大道",精装修,勤天上作 大量质量房源 望花都湖 看房联系
3室2厅2卫,100平米,高层,整租,南,2500,"美林轩逸时光,花都,镜湖大道,镜湖大道16号",毛坯,美林轩逸时光 3室 拎包入住 省钱又省心
2室1厅1卫,75平米,高层,整租,东南,1700,"合和新城,花都,镜湖大道,距9号线清埗约859米,迎宾大道3号（近万和北路）",简装修,清塘地铁站 合和新城百合 机场快线 精装两房 温馨舒
1室1厅1卫,58平米,中层,整租,南,2200,"合和新城,花都,镜湖大道,距9号线清埗约859米,迎宾大道3号（近万和北路）",精装修,优惠！！ 合和新城1室，装修不错，有家具的！
1室1厅1卫,60平米,高层,整租,南,1200,"中国美林湖美汇半岛,花都,美林湖,山前大道与美林湖大道交汇处",简装修,美林湖 家私家电齐全 通风采光好 干净整洁
4室2厅2卫,144平米,中层,整租,南北,1700,"保利城二期,花都,铁路西,距9号线飞鹅岭约1148米,汽车城花港大道",精装修,保利城花园南北对流双阳台大4房，空房出租，户型好，景观好
3室2厅1卫,140平米,低层,整租,南,1900,"美林湖国际社区四期天汇半岛,花都,美林湖,山前大道168号",简装修,美林湖 通风采光好 温馨舒适 安静 视野开阔 干净整洁
3室2厅1卫,95平米,中层,整租,北,2100,"雅居乐锦城花冠集,花都,新区,新华镇三东大道西",精装修,雅居乐锦城花冠集 精装修 家私电齐 随时拎包入住 随时看房
3室2厅2卫,94平米,中层,整租,南北,3000,"保利花城,花都,新区,花都区三东大道以西",精装修,保利花城 高楼层 视野开阔 租3000全新家私家电
2室1厅1卫,68平米,中层,整租,南,900,"花城路小区,花都,旧区,距9号线花城路约456米,新华镇花城路",简装修,花城路两房放租 家电齐全可拎包入住 光线充足
1室1厅1卫,60平米,高层,整租,南,1300,"名门国际公寓,花都,新区,距9号线马鞍山公园约1046米,新华街三东大道106号",精装修,名门国际全新装修家私家电全齐拎包入住
3室2厅1卫,102平米,高层,整租,南,2500,"花都雅居乐花园,花都,新区,距9号线马鞍山公园约669米,新华镇凤凰北路33号",精装修,花都雅居乐锦城3室朝南 这么高的性价比还需要等待吗
1室1厅1卫,55平米,中层,整租,南,1500,"凯旋国际公寓,花都,新区,距9号线马鞍山公园约869米,花都区三东大道南侧、百寿路西侧、梅花路北侧",精装修,新区凯旋国际 温馨大1房 家私家电齐近名门国际 地铁口旁
1室1厅1卫,45平米,中层,整租,南,1800,"星港国际(商用),花都,旧区,距9号线莲塘约71米,新华迎宾大道东侧（广大附中斜对面）",精装修,碧桂园.星港国际，莲塘地铁口，花都湖湿地公园，广大，机场
3室2厅2卫,125平米,高层,整租,南,3500,"云峰花园,花都,镜湖大道,距9号线清埗约457米,镜湖大道2号",简装修,我们不生产房子，只是房子的搬运工，负责给您找到心满意足的小家
1室1厅1卫,64平米,高层,整租,北,1100,"美林湖国际社区四期天汇半岛,花都,美林湖,山前大道168号",中装修,美林湖 小两房 家私家电齐全 通风采光好 温馨舒适装修
3室2厅2卫,100平米,低层,整租,南,2000,"美力百富雅苑,花都,新区,距9号线花果山公园约1084米,新华街云山大道东",简装修,美丽百富雅苑 近 近花都湖 生活配套完善
2室2厅2卫,94平米,高层,整租,南,3000,"合和新城,花都,镜湖大道,距9号线清埗约859米,迎宾大道3号（近万和北路）",精装修,合和新城，，精装修，南向望花园，视野好
3室2厅1卫,92平米,低层,整租,东北,1400,"保利城,花都,铁路西,距9号线飞鹅岭约883米,风神大道与花港大道交汇处",精装修,保利城花园 全新吉屋出租 仅1400 中高层 望花园
3室2厅2卫,126平米,高层,整租,南北,2500,"保利花城,花都,新区,花都区三东大道以西",精装修,保利花城3室，家电齐全，清爽装修，拎包温馨入住
3室2厅1卫,105平米,高层,整租,南,2800,"合和新城,花都,镜湖大道,距9号线清埗约859米,迎宾大道3号（近万和北路）",精装修,合和新城 云峰机组车 三房租2800家私家电齐全 随时看房
3室2厅2卫,106平米,高层,整租,南北,2500,"保利城,花都,铁路西,距9号线飞鹅岭约883米,风神大道与花港大道交汇处",精装修,保利城花园，南北对流双阳台三房两卫，家电齐全 采光好
3室2厅1卫,88平米,低层,整租,南,1500,"保利城,花都,铁路西,距9号线飞鹅岭约883米,风神大道与花港大道交汇处",精装修,保利城花园 三房一卫 南北对流 吉屋出租 只要1500元
3室2厅2卫,120平米,中层,整租,南,3800,"锦东花园,花都,新区,距9号线花都广场约725米,曙光大道桂花路61号",简装修,骏壹万邦大润发商圈，雅居乐旁，锦东花园精装修三房出租
3室2厅1卫,95平米,中层,整租,南,2500,"雅居乐锦城花漾集,花都,新区,新华镇三东大道西",精装修,雅居乐锦城位于三东大道，精装3房价格可商量，拎包入住
3室2厅2卫,138平米,中层,整租,南北,3200,"馨庭花园,花都,新区,距9号线花都广场约632米,新华镇迎宾大道68号",精装修,新区急租 馨庭花园 精装三房 楼层适中 全新家电家具房源
1室1厅1卫,48平米,中层,整租,南,1500,"勤天SOLO上作,花都,镜湖大道,距9号线清埗约580米,花都区镜湖迎宾大道",精装修,勤天 家电齐全 环境舒适优雅 拎包就可入住
3室2厅1卫,101平米,低层,整租,南,2000,"花都雅居乐花园,花都,新区,距9号线马鞍山公园约669米,新华镇凤凰北路33号",精装修,花都雅居乐锦城，房屋干净清爽，户型佳，为您呈现家的感觉
3室2厅2卫,122平米,中层,整租,东南,2600,"南航花园,花都,新区,距9号线马鞍山公园约737米,新华镇新都大道103号",精装修,新区南航花园 精装三房 家私家电齐全 拎包入住 看房有钥匙哦
1室1厅1卫,70平米,中层,整租,南,2500,"京仕商业广场,花都,旧区,距9号线清埗约826米,新华镇迎宾大道179号",精装修,京仕广场 一房 地铁口物业 机场快线 安全性高 拎包入住
3室2厅2卫,121平米,低层,整租,南,2500,"豪利花园,花都,镜湖大道,镜湖大道18号",简装修,豪利花园 新装修3房2卫 仅租2500元 干净整洁 家电齐全
3室2厅1卫,99平米,低层,整租,南,1800,"云峰学府南苑,花都,新区,新华街乐同村学府路",精装修,尚品雅居旁 南苑 精装3房 家私电齐 保养很好 拎包入住
4室2厅2卫,128平米,中层,整租,南北,5000,"凤凰御景花园,花都,新区,花都区凤凰北路34号",豪华装修,新区凤凰御景 豪华装修 地铁口物业 家私电齐全 骏壹万邦旁
3室2厅2卫,100平米,高层,整租,南北,2200,"豪利花园,花都,镜湖大道,镜湖大道18号",精装修,豪利花园朝向南北通透3室热租 出行便利
1室1厅1卫,45平米,中层,整租,西北,1850,"星港国际(商用),花都,旧区,距9号线莲塘约71米,新华迎宾大道东侧（广大附中斜对面）",简装修,碧桂园.星港国际，莲塘地铁口，花都湖湿地公园，广大，机场
3室2厅2卫,130平米,中层,整租,北,3500,"云峰花园,花都,镜湖大道,距9号线清埗约457米,镜湖大道2号",精装修,我们不生产房子，只是房子的搬运工，负责给您找到心满意足的小家
2室2厅1卫,68平米,中层,整租,北,2500,"合和新城,花都,镜湖大道,距9号线清埗约859米,迎宾大道3号（近万和北路）",精装修,合和新城，机组车线，精装二房，干净整洁，拎包入住
1室1厅1卫,83平米,中层,整租,南,1700,"凯旋国际公寓,花都,新区,距9号线马鞍山公园约869米,花都区三东大道南侧、百寿路西侧、梅花路北侧",豪华装修,名门国际，朋友的房子，急租 全新豪华装修，拎包入住
3室2厅2卫,112平米,中层,整租,南,3000,"云峰花园,花都,镜湖大道,距9号线清埗约457米,镜湖大道2号",精装修,云峰难得一见 三房户型好 楼层靓 阳光充足 快来看房
2室1厅1卫,58平米,中层,整租,南,2200,"星港国际(商用),花都,旧区,距9号线莲塘约71米,新华迎宾大道东侧（广大附中斜对面）",精装修,星港国际，小区管理，生活便利， 出租价格好
3室2厅1卫,91平米,中层,整租,南,2600,"美林轩逸时光,花都,镜湖大道,镜湖大道16号",精装修,出租美林轩逸时光房源 正规3室 快快快 别犹豫了
3室2厅2卫,110平米,高层,整租,南北,1800,"翠华花园,花都,铁路西,距9号线广州北站约1170米,花都区新华镇金华路10号",精装修,翠华花园精装修家具家电齐全楼层！
2室2厅1卫,80平米,高层,整租,南,900,"美林湖国际社区四期天汇半岛,花都,美林湖,山前大道168号",简装修,美林湖 两房 价格实惠 通风采光好 安静景观好
3室2厅2卫,143平米,中层,整租,南,2500,"雅宝新城,花都,铁路西,新华镇平步大道中131号",精装修,"温暖又温心,雅宝新城精装修3室真的给你不一样的感受"
2室2厅1卫,75平米,中层,整租,南,1900,"永大新城,花都,新区,距9号线花果山公园约955米,新华镇松园路1号",简装修,永大新城两房格局方正，采光通风，家私电器齐全，电梯业主随和
1室1厅1卫,48平米,高层,整租,南,1000,"馨泉花园,花都,新区,平龙路19号",豪华装修,馨泉花园1房1厅出租，全新装修家电齐全，南向望花园。
1室1厅1卫,60平米,中层,整租,南,800,"中国美林湖美汇半岛,花都,美林湖,山前大道与美林湖大道交汇处",简装修,美林湖 实用一房 望花园 通风采光好
2室2厅2卫,95平米,高层,整租,南,3800,"锦东花园A区,花都,新区,距9号线花都广场约903米,新华街桂花路61号（紫薇路北侧、桂花路西侧）",精装修,新区锦东小区 精装两房出租 地铁口繁华地段 环境干净舒适
2室2厅1卫,89平米,低层,整租,南,2000,"嘉汇城,花都,镜湖大道,广花路东镜段",简装修,嘉汇城 2房2厅 2000元 吉屋出租 带部分家电 装修漂亮
2室2厅1卫,96平米,低层,整租,南,2300,"雅宝新城,花都,铁路西,新华镇平步大道中131号",豪华装修,雅宝英伦世家，豪华装修，全新家私家电
2室1厅1卫,70平米,低层,整租,南,1200,"花都富豪山庄,花都,新区,距9号线花果山公园约920米,花都区新华镇五华直街16号",简装修,富豪山庄 小区管理低楼层 家电齐全拎包入住 交通便利
3室2厅2卫,99平米,高层,整租,西,2500,"广州万达文化旅游城,花都,新区,平步大道与曙光路交汇处",毛坯,广州北中轴 广州万达城漂亮豪华装修 全新未住的3房2卫
3室2厅2卫,110平米,高层,整租,南,3200,"花都雅居乐花园,花都,新区,距9号线马鞍山公园约669米,新华镇凤凰北路33号",精装修,新区地铁口雅居乐 大润发旁 业主急租 家私家电齐全 地铁口旁
3室2厅2卫,97平米,高层,整租,南,3000,"云峰花园,花都,镜湖大道,距9号线清埗约457米,镜湖大道2号",简装修,各位俊男美女看过来，看过来，这边的好房子等
3室2厅1卫,106平米,高层,整租,南,2800,"云峰花园,花都,镜湖大道,距9号线清埗约457米,镜湖大道2号",精装修,心若没有栖息的地方，到哪里都是流浪。找到钟意的房子，住温暖家
3室2厅2卫,129平米,低层,整租,南,3500,"锦尚蓬莱苑,花都,新区,距9号线莲塘约950米,花都区新华镇商业大道以北凤凰北路东侧",精装修,锦尚蓬莱 大润发旁 马鞍山旁 环境优美 家私电齐 拧包入住
3室2厅2卫,110平米,高层,整租,南,3000,"云峰花园,花都,镜湖大道,距9号线清埗约457米,镜湖大道2号",精装修,云峰花园精装三房 有浴缸呦来看了才知道好 好的就得快就要快
3室2厅2卫,106平米,中层,整租,南,3000,"云峰花园,花都,镜湖大道,距9号线清埗约457米,镜湖大道2号",精装修,快来！快来！点进来云峰花园，但是不低端，给你精致的小屋
3室2厅2卫,107平米,中层,整租,南,3800,"雅居乐御宾府,花都,新区,距9号线花都广场约389米,新华街百合路35号",精装修,新区雅居乐御宾府 近9号线花都广场交通便利 配套成熟
3室2厅2卫,92平米,高层,整租,南,2000,"祈福天龙苑,花都,铁路西,距9号线广州北站约1046米,花都区新华镇新街大道中",精装修,3房2厅2卫出租拎包入住祈福天龙苑
1室1厅1卫,56平米,高层,整租,南,1800,"星港国际(商用),花都,旧区,距9号线莲塘约71米,新华迎宾大道东侧（广大附中斜对面）",简装修,星港国际 湿地公园就在家门口口
3室2厅2卫,103平米,中层,整租,南,2500,"保利城二期,花都,铁路西,距9号线飞鹅岭约1148米,汽车城花港大道",精装修,保利城花园 精装三房二卫出租 钥匙在手
3室2厅2卫,103平米,高层,整租,南北,2200,"银菊花小区,花都,新区,距9号线花都广场约712米,公益路18号",精装修,银菊花小区，家私电全，拎包入住
2室2厅1卫,68平米,中层,整租,北,2500,"合和新城,花都,镜湖大道,距9号线清埗约859米,迎宾大道3号（近万和北路）",简装修,温馨安静两房，下班还能看到一线园景
1室1厅1卫,48平米,高层,整租,南,1800,"云峰花园,花都,镜湖大道,距9号线清埗约457米,镜湖大道2号",精装修,云峰，精装温馨，与空乘人员为邻居，钥匙在手，手慢无。
2室2厅1卫,88平米,中层,整租,南,2700,"云峰花园,花都,镜湖大道,距9号线清埗约457米,镜湖大道2号",精装修,生活不止眼前的苟且，还有这个温馨的家，我在云峰花园等你
3室2厅2卫,109平米,高层,整租,南北,2200,"金碧御水山庄,花都,山前大道,狮岭镇山前大道",精装修,狮岭金碧御水山庄精装3房2200元/月背山面水高层景观天然氧吧
3室2厅2卫,119平米,中层,整租,南,2500,"保利城,花都,铁路西,距9号线飞鹅岭约883米,风神大道与花港大道交汇处",精装修,保利城花园 大三房两卫 家电齐全 拎包入住 看房有钥匙
1室0厅1卫,50平米,高层,整租,东北,2000,"京仕商业广场,花都,旧区,距9号线清埗约826米,新华镇迎宾大道179号",简装修,京仕广场 机组车沿线 家电齐全 单间出租2200包物业管理费
3室2厅2卫,95平米,高层,整租,北,2800,"锦东花园B区,花都,新区,距9号线花都广场约903米,新华街桂花路61号（紫薇路北侧、桂花路西侧）",精装修,锦东花园，骏壹万邦旁，家电齐全，拎包入住
2室2厅1卫,82平米,中层,整租,南,2700,"云珠花园,花都,新区,距9号线马鞍山公园约847米,龙珠路35号",精装修,新区云珠花园 精装2房 机场沿线 大润发商圈 近地铁口 生活便利
1室2厅1卫,71平米,高层,整租,西南,2600,"京仕商业广场,花都,旧区,距9号线清埗约826米,新华镇迎宾大道179号",精装修,京仕商业广场地铁口物业 精装1房2厅 机场专线 拎包入住
3室2厅1卫,100平米,高层,整租,西南,2600,"美林轩逸时光,花都,镜湖大道,镜湖大道16号",精装修,美林轩逸时光，3室，家具家电全齐，超便宜了！
2室2厅1卫,60平米,高层,整租,南,2600,"合和新城,花都,镜湖大道,距9号线清埗约859米,迎宾大道3号（近万和北路）",精装修,合和新城 新区附近 口物业 机场专线 环境安静 拎包入住
3室2厅2卫,118平米,中层,整租,南,2000,"俊怡御景花园,花都,建设北,三东大道西建设北路西侧",精装修,御景花园 万达商圈 电梯中层 拎包入住
3室1厅1卫,103平米,低层,整租,南,2200,"碧秀花园,花都,新区,距9号线花都广场约655米,碧秀路7号",简装修,大润发来又来旁碧秀花园电梯精装修三房南北对流家私电齐全出租
3室2厅1卫,89平米,高层,整租,西南,2500,"南华时代城,花都,铁路西,花都区新华街工业大道18号",精装修,时代城精装小三房家电全租2500元/月
3室2厅2卫,108平米,中层,整租,南,2600,"路劲隽悦豪庭,花都,旧区,广清高速公路以东、三东大道西以北",精装修,路劲隽悦豪庭 正规十万火急朝南 温馨入住
1室1厅1卫,56平米,中层,整租,南,2500,"星港国际(商用),花都,旧区,距9号线莲塘约71米,新华迎宾大道东侧（广大附中斜对面）",简装修,星港国际，莲塘地铁口，花都湖湿地公园，广大，机场
3室2厅1卫,97平米,高层,整租,南,2500,"狮城国际,花都,狮岭,花都区狮岭镇雄师大道中",简装修,狮城国际 温馨三居室 家私家电齐全 拎包即可入住
3室2厅2卫,110平米,中层,整租,南,3300,"云珠花园,花都,新区,距9号线马鞍山公园约847米,龙珠路35号",精装修,云珠花园 3房出租 豪华装修 家私家电齐全 新发布 机场快线
1室1厅1卫,65平米,高层,整租,西南,1900,"水岸峯景,花都,铁路西,新街大道望亭路15号",精装修,花都铁路西水岸峯景 64.8平米1室1厅1卫
3室1厅1卫,60平米,中层,整租,南北,1800,"9号线兰圃新村(花都/旧区),花都区公园前路兰圃新村20号401房",精装修,9号线兰圃新村3室1厅1卫
1室1厅1卫,46平米,中层,整租,南北,1500,"广州万达文化旅游城,花都,新区,平步大道与曙光路交汇处",精装修,花都新区广州万达文化旅游城 46平米1室1厅1卫
4室2厅1卫,139平米,高层,整租,南北,4000,"中房观湖国际,花都,新区,滨湖路12号",简单装修,中房观湖国际4室2厅1卫
3室2厅2卫,136平米,高层,整租,南北,3200,"花都银燕大厦,花都,新区,距9号线花果山公园约855米,新区公益路7号",精装修,花都银燕大厦3室2厅2卫
3室2厅2卫,128平米,高层,整租,东,3500,"云峰花园,花都,镜湖大道,距9号线清埗约457米,镜湖大道2号",精装修,真香警告云峰花园精装修三房，只能靠，坚持不过这个周
1室1厅1卫,51平米,高层,整租,东,1800,"花都银丰(花都/旧区),云山大道",豪华装修,花都旧区花都银丰 51平米1室1厅1卫
1室1厅1卫,40平米,中层,整租,东南,1200,"学府花园,花都,新区,平步大道*府路2号",精装修,花都新区学府花园 40平米
3室1厅1卫,60平米,中层,整租,南北,1800,"兰圃新村,花都,旧区,距9号线花城路约191米,新华镇秀全大道40号",中等装修,兰圃新村3室1厅1卫
3室2厅1卫,97平米,低层,整租,东南,2300,"宝铼雅居,花都,新区,新华街迎宾大道西与平步大道交汇处",精装修,花都新区宝铼雅居 97平米3室2厅1卫
1室1厅1卫,45平米,中层,整租,南,600,"广州国际空港中心(商用),花都,新区,迎宾大道与清塘路交界(广州花都皇冠假日酒店*)",中装修,广州国际空港中心(商用) 整租 1室1厅1卫 45平米(个人)
2室1厅1卫,64平米,中层,整租,南,900,"美林湖国际社区天汇半岛,花都,美林湖,山前大道168号",精装修,美林湖国际社区天汇半岛2室1厅1卫
1室0厅1卫,28平米,中层,整租,南,320,"新花街小区,花都,旧区,距9号线花城路约472米,新华镇商业大道与新花街交界处",精装修,新花街小区 整租 1室0厅1卫 28平米(个人)
3室2厅1卫,88平米,低层,整租,东北,1750,"好美嘉园,花都,炭步,花都区炭步镇花都大道430号",简装修,好美嘉园3室2厅1卫
2室2厅1卫,84平米,高层,整租,南,2600,"自由人花园1期(花都/镜湖大道),自由人花园一街",豪华装修,花都请选择商圈自由人花园 84平米2室2厅1卫
3室1厅1卫,80平米,中层,整租,南,1000,"花城路小区,花都,旧区,距9号线花城路约456米,新华镇花城路",简装修,花城路小区南北对流 三房出租 就近地铁口
2室1厅1卫,58平米,高层,整租,南北,800,"新华街(花都/旧区),新中路15号",简装修,花都旧区新华街 58平米2室1厅1卫
3室2厅2卫,124平米,中层,整租,南北,2000,"路俊隽悦豪庭(花都/建设北),花城街道",精装修,花都建设北路俊隽悦豪庭 124平米3室2厅2卫
2室1厅1卫,58平米,高层,整租,南北,800,"花都新华街(花都/旧区),新中路15号",简装修,花都旧区花都新华街 58平米2室1厅1卫
3室2厅2卫,145平米,高层,整租,南,3500,"紫光园,花都,新区,距9号线花都广场约720米,曙光大道80号",精装修,紫光园 整租 3室2厅2卫 145平米(个人)
2室2厅1卫,87平米,低层,整租,南北,2100,"祈福辉煌台,花都,铁路西,云山大道农新路1号",精装修,花都铁路西祈福辉煌台 87平米2室2厅1卫
3室2厅2卫,91平米,中层,整租,北,1500,"祈福都会,花都,花山,花都区花山镇106国道花山段西侧",简装修,祈福都会 整租 3室2厅2卫 91平米(个人)
3室2厅1卫,93平米,中层,整租,南,2200,"富力金港城,花都,花东,花东镇金谷工业区现代大道",中装修,精装修洋房出租
3室2厅1卫,93平米,高层,整租,南,4000,"锦尚蓬莱苑,花都,新区,距9号线莲塘约950米,花都区新华镇商业大道以北凤凰北路东侧",精装修,新区锦尚蓬莱 马鞍山公园旁 精致3房 家私电齐全 拎包即住
2室2厅1卫,98平米,低层,整租,西南,2200,"雅宝新城,花都,铁路西,新华镇平步大道中131号",精装修,雅宝新城 整租 2室2厅1卫 98平米(个人)
1室1厅1卫,47平米,高层,整租,东西,1280,"天马丽苑(花都/铁路西),花都区望亭路15号",精装修,花都铁路西天马丽苑 47平米1室1厅1卫
2室2厅1卫,60平米,高层,整租,南,2800,"合和新城,花都,镜湖大道,距9号线清埗约859米,迎宾大道3号（近万和北路）",简装修,合和新城 机场快线 全新家私电
3室2厅2卫,102平米,低层,整租,南,3600,"深航御花园,花都,新区,距9号线马鞍山公园约860米,新华街曙光大道与迎宾大道交汇处",精装修,新区深航御花园 小区三房两厅 家私家电齐全 拎包入住 机场快线
1室1厅1卫,46平米,高层,整租,南,1600,"广州万达文化旅游城,花都,新区,平步大道与曙光路交汇处",精装修,万达旅游城酒店豪装，1600元家私电齐全游乐园就在家门口
2室2厅1卫,60平米,中层,整租,南,2200,"合和新城,花都,镜湖大道,距9号线清埗约859米,迎宾大道3号（近万和北路）",简装修,合和新城 2房2厅 2200元实惠出租 干净整洁 中层望花园
1室1厅1卫,58平米,中层,整租,北,2300,"合和新城,花都,镜湖大道,距9号线清埗约859米,迎宾大道3号（近万和北路）",简装修,温馨一室一厅 家私家电齐全
1室1厅1卫,45平米,低层,整租,南,1400,"星港国际(商用),花都,旧区,距9号线莲塘约71米,新华迎宾大道东侧（广大附中斜对面）",简装修,碧桂园星港国际 小区管理，价格优惠，环境好
3室2厅1卫,100平米,高层,整租,南,3300,"南航花园,花都,新区,距9号线马鞍山公园约737米,新华镇新都大道103号",精装修,南航花园 南向望花园 温馨精装三房 拎包入住 近大润发 骏壹万邦
3室2厅2卫,110平米,低层,整租,南,3000,"保利花城,花都,新区,花都区三东大道以西",简装修,保利花城出租咯，环境好，住着舒服，就像天天住酒店，日子美
3室2厅1卫,147平米,中层,整租,东南,2000,"花都雅怡花园,花都,新区,距9号线花都广场约542米,天贵路88号",精装修,雅怡花园 三房精装修 小区管理环境优美 就近地铁口
1室1厅1卫,46平米,高层,整租,南,1800,"云峰花园,花都,镜湖大道,距9号线清埗约457米,镜湖大道2号",简装修,天呀！云峰花园发现一套漂亮的一房 不过几天必租 快来约我看房
2室2厅1卫,87平米,低层,整租,不限,2100,"祈福辉煌台,花都,铁路西,云山大道农新路1号",简单装修,花都铁路西祈福辉煌台 87平米2室2厅1卫
2室2厅1卫,80平米,中层,整租,南,2800,"星港国际(商用),花都,旧区,距9号线莲塘约71米,新华迎宾大道东侧(广大*斜*)",精装修,星港国际(商用) 整租 2室2厅1卫 80平米(个人)
2室2厅1卫,58平米,高层,整租,南,1800,"祈福天龙苑,花都,铁路西,距9号线广州北站约1046米,花都区新华镇新街大道中",简装修,祈福天龙苑2房2厅家私家电齐全出租
2室2厅1卫,80平米,高层,整租,东南,1600,"馨泉花园,花都,新区,平龙路19号",精装修,馨泉花园温馨两房出租，高楼层望花园，家电齐全
3室2厅2卫,106平米,中层,整租,南,3500,"骏威·锦东花园,花都,新区,距9号线花都广场约725米,曙光大道桂花路61号",精装修,锦东区精装三房 交通方便 南向望花园 家私电全齐 拎包入住
1室1厅1卫,46平米,低层,整租,东,1400,"勤天SOLO上作,花都,镜湖大道,距9号线清埗约580米,花都区镜湖迎宾大道",精装修,地铁口 勤天上作 花都湖旁 环境优雅 家电全配
1室1厅1卫,49平米,中层,整租,南,2300,"云峰花园,花都,镜湖大道,距9号线清埗约457米,镜湖大道2号",精装修,整租 云峰 空中复式 不一样的体验
3室2厅2卫,105平米,高层,整租,南,2500,"骏辉雅苑,花都,新区,建设北路220号",精装修,骏辉雅苑，3房，拎包入.住 装修保养新，省钱又省心
1室1厅1卫,48平米,中层,整租,南,1500,"云峰花园,花都,镜湖大道,距9号线清埗约457米,镜湖大道2号",精装修,云峰花园 家私家电齐 干净舒适漂亮 屋子通风采光好
1室1厅1卫,71平米,高层,整租,南,2600,"京仕商业广场,花都,旧区,距9号线清埗约826米,新华镇迎宾大道179号",精装修,隔开一室一厅，温馨豪华装修 品牌家私家电
3室2厅2卫,108平米,中层,整租,南,3000,"路劲隽悦豪庭,花都,旧区,广清高速公路以东、三东大道西以北",精装修,路劲隽悦豪庭精装修，不后悔的选择
3室2厅1卫,85平米,中层,整租,南,1700,"新城广场,花都,狮岭,花都区和合路新城广场",精装修,合顺居 新城广场旁 家私家电齐全 拎包可入住
1室1厅1卫,48平米,高层,整租,南,2200,"京仕商业广场,花都,旧区,距9号线清埗约826米,新华镇迎宾大道179号",精装修,京仕广场，南向，有独立厨房，望花园，采光通透，机场沿线，
1室1厅1卫,46平米,中层,整租,北,1500,"勤天SOLO上作,花都,镜湖大道,距9号线清埗约580米,花都区镜湖迎宾大道",简装修,勤天上作 大量质量房源 望花都湖 看房联系
1室1厅1卫,45平米,低层,整租,北,2000,"星港国际(商用),花都,旧区,距9号线莲塘约71米,新华迎宾大道东侧（广大附中斜对面）",中装修,碧桂园.星港国际，莲塘地铁口，花都湖湿地公园，广大，机场
2室2厅1卫,95平米,中层,整租,东南,2000,"大运家园,花都,新区,距9号线马鞍山公园约396米,迎宾大道105号",豪华装修,大运家园豪华二房来又来旁家私电齐全拎包入住机场快线
3室2厅1卫,98平米,高层,整租,东南,2700,"御华园,花都,狮岭,花都区狮岭镇狮岭大道东1号",精装修,御华园 南向精装三房 家私家电齐全 拎包即可入住 随时看房
3室2厅1卫,87平米,低层,整租,南北,1700,"雅居乐万科热橙,花都,花山,机场高速花山出口",精装修,花都花山雅居乐万科热橙 87平米3室2厅1卫
4室2厅2卫,180平米,高层,整租,南北,2380,"雄炜商务中心(花都/狮岭),狮岭大道中",豪华装修,花都狮岭雄炜商务中心 180平米4室2厅2卫
1室0厅0卫,13平米,低层,整租,南,300,"雅居乐万科热橙,花都,花山,机场高速花山出口",简单装修,雅居乐万科热橙1室0厅0卫
2室1厅1卫,90平米,低层,整租,东,850,"田美村委,花都,狮岭,田美中心村33号",简装修,田美会旁顺心 2室1厅1卫
1室0厅1卫,25平米,高层,整租,南北,300,"花都狮岭镇前进温屋小区(花都/狮岭),前进温屋一巷1-4号",简装修,花都狮岭花都狮岭镇前进温屋小 25平米1室0厅1卫
2室1厅1卫,101平米,低层,整租,南,1900,"辉煌台(花都/铁路西),广州市花都区云山大道2号之一。",精装修,辉煌台 整租 2室1厅1卫 101平米(个人)
3室1厅1卫,110平米,高层,整租,南,2000,"全鸿花园,花都,新区,距9号线花果山公园约257米,茶园南路2号",简装修,全鸿花园 整租 3室1厅1卫 110平米(个人)
3室2厅2卫,134平米,中层,整租,南,3300,"大运家园,花都,新区,距9号线马鞍山公园约396米,迎宾大道105号",精装修,大运家园 地铁口 电梯精装3房 万事可谈 家私家电齐全 机场快线
1室1厅1卫,62平米,中层,整租,南北,1600,"碧桂园星港国际(花都/新区),广州市花都区迎宾大道莲塘地铁口",精装修,碧桂园星港国际 整租 1室1厅1卫 62平米(个人)
3室2厅1卫,128平米,中层,整租,南,2500,"中达园,花都,新区,距9号线花都广场约327米,天贵路和龙珠路交界",精装修,中达园 整租 3室2厅1卫 128平米(个人)
3室2厅1卫,87平米,低层,整租,南,1500,"雅居乐万科热橙,花都,花山,机场高速花山出口",简装修,雅居乐万科热橙3室2厅1卫
3室2厅1卫,96平米,中层,整租,南,1800,"宜华居,花都,新区,大华二路与龙珠路交界",简装修,宜华居3室2厅1卫
2室2厅2卫,80平米,中层,整租,南北,2800,"雅居乐雍逸豪廷,花都,新区,距9号线花都广场约719米,花都区凤凰北路32-33号",毛坯,雅居乐御宾府 2房出租 骏壹万邦 豪华装修 稀却二房 地铁口旁
3室2厅2卫,121平米,中层,整租,东西,3200,"馨庭花园,花都,新区,距9号线花都广场约632米,新华镇迎宾大道68号",简装修,馨庭花园3室2厅2卫
1室1厅1卫,71平米,低层,整租,南,2000,"京仕商业广场,花都,旧区,距9号线清埗约826米,新华镇迎宾大道179号",豪华装修,京仕广场 温馨大一房 机组快线 地铁口 家电齐全 拎包入住
3室2厅2卫,112平米,高层,整租,南,2300,"尚品雅居,花都,旧区,新华街学府路6号",简装修,尚品雅居 3室2厅2卫
3室2厅2卫,110平米,低层,整租,南,2300,"保利花城,花都,新区,花都区三东大道以西",豪华装修,保利花城 精装三房 家私家电齐全 仅此一间 拎包入住
2室2厅1卫,88平米,中层,整租,南,2600,"云峰花园,花都,镜湖大道,距9号线清埗约457米,镜湖大道2号",精装修,"云峰花园 南向两房 精装修 房东诚租 家电齐全,,交通便利,"
3室2厅1卫,90平米,高层,整租,南,700,"中新花园,花都,铁路西,新华镇新街大道金钟路",简装修,3房2厅底价出租
3室2厅1卫,120平米,中层,整租,南,2600,"骏威广场,花都,旧区,距9号线花果山公园约618米,公益大道1号",豪华装修,五小旁骏威广场3房2厅带齐出租
1室1厅1卫,45平米,高层,整租,东南,1200,"金融街·花溪小镇,花都,新机场板块,广州市花都大道东228号(肯德基西行500米)",精装修,金融街·花溪小镇 整租 1室1厅1卫 45平米(个人)
1室1厅1卫,45平米,高层,整租,南,2400,"京仕商业广场,花都,旧区,距9号线清埗约826米,新华镇迎宾大道179号",简装修,京仕商业广场 花园中心 清布地铁口 与空姐做邻居
2室2厅1卫,94平米,中层,整租,南,2500,"合和新城,花都,镜湖大道,距9号线清埗约859米,迎宾大道3号（近万和北路）",精装修,双地铁口 机场快线 随时入住 周边配套齐全 适合空姐空少
2室2厅1卫,70平米,高层,整租,南,1500,"祈福天龙苑,花都,铁路西,距9号线广州北站约1046米,花都区新华镇新街大道中",精装修,有钥匙，看房方便
3室2厅1卫,100平米,高层,整租,南,2800,"雅居乐锦城,花都,新区,新华三东大道西（南方花卉交易中心西侧）",精装修,"此房急租,精装修，附近再也找不到这么好的3室了！！"
1室1厅1卫,71平米,高层,整租,南,2600,"京仕商业广场,花都,旧区,距9号线清埗约826米,新华镇迎宾大道179号",简装修,隔开一室一厅，温馨豪华装修 品牌家私家电
1室1厅1卫,55平米,中层,整租,南,1450,"凯旋国际公寓,花都,新区,距9号线马鞍山公园约869米,花都区三东大道南侧、百寿路西侧、梅花路北侧",豪华装修,凯旋国际1房1厅，本人店铺就在凯旋楼下 有大量租
3室2厅2卫,130平米,高层,整租,南,3800,"云峰花园,花都,镜湖大道,距9号线清埗约457米,镜湖大道2号",精装修,号外 号外！！云峰豪华三房出租 家电齐全拎包入住 随时看房
3室1厅1卫,80平米,高层,整租,南,1600,"来福花园,花都,旧区,距9号线花果山公园约951米,商业大道104号",精装修,花都湖旁三房家电齐全
1室1厅1卫,60平米,高层,整租,不限,630,"平安*(花都/花山),广州市花都区花山镇二龙大街平安*",简单装修,花都花山平安*60平米1室1厅1卫
3室2厅1卫,80平米,高层,整租,东南,1350,"西苑小区,花都,新区,距9号线花都汽车城站约278米,花都区新华街玉棠路",精装修,花都新区西苑小区 80平米3室2厅1卫
3室2厅2卫,110平米,中层,整租,南北,2800,"雅居乐锦城花冠集,花都,新区,新华镇三东大道西",精装修,花都新区雅居乐锦城花冠集 110平米3室2厅2卫
1室1厅1卫,45平米,中层,整租,南,700,"宝铼雅居,花都,新区,新华街迎宾大道西与平步大道交汇处",精装修,花都新区宝铼雅居 45平米1室1厅1卫
4室2厅1卫,110平米,中层,整租,南北,3000,"自由人花园,花都,镜湖大道,镜湖大道与广花路交界处",精装修,自由人花园 整租 4室2厅1卫 110平米(个人)
1室0厅0卫,47平米,高层,整租,南北,1800,"京仕广场(花都/新区),迎宾大道京仕广场",精装修,花都新区地铁九号线京仕广场 47平米1室
2室2厅1卫,42平米,高层,整租,西南,2700,"祈福生活无限,花都,新区,距9号线莲塘约1018米,新华街凤凰南路83号",精装修,花都新区祈福生活无限 42平方复式 2室2厅1卫
3室2厅2卫,97平米,高层,整租,东南,2500,"轩逸荟,花都,狮岭,花都区狮岭镇狮岭大道东17号",精装修,轩逸荟3室2厅2卫
3室2厅1卫,89平米,高层,整租,南北,1300,"新建直街小区,花都,旧区,距9号线广州北站约254米,新建直街",精装修,花都旧区新建直街小区 89平米3室2厅1卫
3室1厅1卫,100平米,高层,整租,南北,800,"宝马楼(花都/旧区),凤凰北路与商业大道交叉口路东",简单装修,花都旧区宝马楼 100平米3室1厅1卫
1室1厅1卫,45平米,中层,整租,东,2400,"京仕国际*(花都/旧区),花都区迎宾大道181号",精装修,京仕国际*整租 1室1厅1卫 45平米(个人)
2室1厅1卫,81平米,高层,整租,东南,800,"美林湖国际社区天汇半岛,花都,美林湖,山前大道168号",精装修,花都美林湖美林湖国际社区天汇半 81平米2室1厅1卫
2室1厅1卫,81平米,高层,整租,东南,1000,"美林湖国际社区天汇半岛,花都,美林湖,山前大道168号",精装修,花都美林湖美林湖国际社区天汇半 81平米2室1厅1卫
2室1厅1卫,88平米,中层,整租,南北,1900,"祈福辉煌台,花都,铁路西,云山大道农新路1号",豪华装修,花都铁路西祈福辉煌台 88平米2室1厅1卫
3室1厅1卫,90平米,高层,整租,南北,2000,"育贤居,花都,旧区,距9号线花都广场约538米,新华镇龙珠路29号",中等装修,花都区龙珠路育贤居 90平米3室1厅1卫
2室2厅1卫,83平米,低层,整租,南北,1800,"富力金港城东区,花都,花东,花东镇金谷工业区现代大道",精装修,富力金港城东区 整租 2室2厅1卫 83平米(个人)
2室1厅1卫,63平米,高层,整租,南北,1100,"美林湖国际社区天琴半岛(花都/美林湖),山前大道168号天琴半岛花漾湾",精装修,花都美林湖美林湖国际社区 63平米2室1厅1卫
1室1厅1卫,45平米,中层,整租,南,780,"保利花城,花都,新区,花都区三东大道以西",精装修,花都新区保利花城 45平米1室1厅1卫
2室1厅1卫,88平米,中层,整租,南北,1900,"祈福辉煌台,花都,铁路西,云山大道农新路1号",精装修,花都铁路西祈福辉煌台 88平米2室1厅1卫
3室2厅2卫,101平米,高层,整租,南北,3000,"美林轩逸时光,花都,镜湖大道,镜湖大道16号",精装修,花都镜湖大道美林轩逸时光 101平米3室2厅2卫
2室2厅0卫,83平米,高层,整租,南,2470,"保利花城,花都,新区,花都区三东大道以西",简单装修,保利花城2室2厅0卫
3室1厅1卫,75平米,低层,整租,不限,1250,"广州市花都区花东镇三凤村一队(花都/花东),广州市花都区花东镇三凤村一队",简装修,广州市花都区花东镇三凤村一队3室1厅1卫
0室1厅1卫,500平米,低层,整租,不限,13500,"广州市花都区花东镇三凤村一队(花都/花东),广州市花都区花东镇三凤村一队",简装修,广州市花都区花东镇三凤村一队0室1厅1卫
2室2厅1卫,73平米,低层,整租,南北,1800,"天马河天马丽苑(花都/铁路西),广州市花都区望亭路15号",精装修,花都铁路西天马河天马丽苑 73平米2室2厅1卫
3室2厅2卫,120平米,高层,整租,南,3500,"银星花园,花都,新区,距9号线马鞍山公园约799米,新华街凤凰北路27号",简单装修,银星花园 整租 3室2厅2卫 120平米(个人)
2室2厅1卫,93平米,高层,整租,南北,800,"中新花园,花都,铁路西,新华镇新街大道金钟路",简装修,中新花园2室2厅1卫
2室2厅1卫,95平米,高层,整租,北,2400,"花都豪利花园二期(花都/镜湖大道),镜湖大道18号",精装修,花都镜湖大道豪利花园二期 95平米2室2厅1卫
3室2厅2卫,117平米,高层,整租,南,2980,"高晟广场(花都/新区),迎宾路桔子酒店后面",精装修,高晟广场 整租 3室2厅2卫 117平米(个人)
3室2厅1卫,93平米,低层,整租,南,2600,"朗庭雅居,花都,新区,距9号线花果山公园约811米,曙光大道曙光路39号",简单装修,朗庭雅居3室2厅1卫
3室2厅2卫,113平米,高层,整租,南,3200,"新鸿基御华园,花都,狮岭,花都区狮岭镇狮岭大道东1号",简单装修,新鸿基御华园3室2厅2卫
2室2厅1卫,81平米,高层,整租,北,1800,"富力金港城,花都,花东,花东镇金谷工业区现代大道",简装修,富力金港城 整租 2室2厅1卫 81平米(个人)
1室1厅1卫,72平米,中层,整租,南北,1800,"致尚城楼,花都,新区,距9号线花果山公园约861米,新区曙光路13号",精装修,致尚城楼 整租 1室1厅1卫 71.96平米(个人)
2室2厅1卫,90平米,中层,整租,南北,2200,"碧桂园空港国际,花都,新区,花安中路1号(新白云国际机场北空港大道左转500米)",豪华装修,碧桂园空港国际2室2厅1卫
2室2厅1卫,93平米,中层,整租,东北,2500,"云峰花园,花都,镜湖大道,距9号线清埗约457米,花都新雅街",精装修,花都镜湖大道云峰花园 93平米2室2厅1卫
2室2厅1卫,85平米,低层,整租,南北,2688,"自由人花园,花都,镜湖大道,镜湖大道与广花路交界处",简单装修,自由人花园2室2厅1卫
3室1厅1卫,98平米,高层,整租,南北,1400,"育贤居,花都,旧区,距9号线花都广场约538米,新华镇龙珠路29号",中等装修,花都旧区育贤居 98平米3室1厅1卫
1室1厅1卫,42平米,中层,整租,南,1500,"碧桂园空港国际,花都,新区,花安中路1号(新白云国际机场北空港大道左转500米)",精装修,碧桂园空港国际 整租 1室1厅1卫 42平米(个人)
2室1厅1卫,66平米,中层,整租,南,2500,"碧桂园星港国际(花都/镜湖大道),迎宾大道",精装修,碧桂园星港国际 整租 2室1厅1卫 66平米(个人)
3室2厅1卫,98平米,中层,整租,不限,2000,"阳光雅居,花都,建设北,迎宾大道2至4号",简单装修,花都建设北阳光雅居 98平米3室2厅1卫
3室2厅2卫,153平米,高层,整租,南,2600,"金鹏花园,花都,新区,距9号线花都广场约1124米,新华镇龙珠路新城区",精装修,金鹏花园3室2厅2卫
3室2厅1卫,95平米,高层,整租,南,2100,"万科天景花园,花都,铁路西,距9号线花都汽车城站约656米,花都区风神大道荔江南路20号",简装修,万科天景花园 整租 3室2厅1卫 95平米(个人)
7室1厅3卫,140平米,中层,整租,南,2200,"友田城,花都,狮岭,花都狮岭步行街",简装修,友田城7室1厅3卫
3室1厅1卫,65平米,高层,整租,南,500,"美侨楼,花都,旧区,距9号线花城路约314米,花城路33号",简装修,出租花城路地铁口三房一厅500元
1室1厅1卫,26平米,高层,整租,西南,800,"花城悦翠园,花都,山前大道,花山镇花山大道43号",简装修,花城悦翠园 整租 1室1厅1卫 26平米(个人)
1室0厅0卫,80平米,高层,整租,南,1500,"清远美林湖(花都/美林湖),清远",简装修,清远美林湖 整租 1室0厅0卫 80平米(个人)
4室2厅1卫,85平米,低层,整租,南,2300,"花都阳光家园,花都,新区,大华二路23号",简单装修,花都阳光家园 整租 4室2厅1卫 85平米(个人)
2室1厅1卫,69平米,高层,整租,南北,2700,"合和新城,花都,镜湖大道,距9号线清埗约859米,迎宾大道3号(近万和北路)",豪华装修,精装2房品牌家电  新
2室1厅1卫,80平米,高层,整租,不限,1500,"清远美林湖(花都/山前大道),清远美林湖",不限,清远美林湖 整租 2室1厅1卫 80平米(个人)
3室1厅1卫,92平米,中层,整租,南北,1300,"狮岭金辉园,花都,狮岭,花都区狮岭镇金狮大道西17号",简装修,狮岭金辉园 整租 3室1厅1卫 92平米(个人)
1室1厅1卫,200平米,高层,整租,南,4500,"云峰花园,花都,镜湖大道,距9号线清埗约457米,镜湖大道2号",精装修,清布站出口，交通方便，生活配套设施齐全。商业综合体精装修
2室2厅1卫,77平米,低层,整租,北,2000,"永星景苑(花都/铁路西),新华风神大道5号",精装修,永星景苑2室2厅1卫
2室2厅1卫,80平米,中层,整租,东北,1950,"富力金港城东区,花都,花东,花东镇金谷工业区现代大道",精装修,花都花东富力金港城东区 80平米2室2厅1卫租金含物管宽带及电视费
3室2厅1卫,85平米,中层,整租,南,1800,"雅居乐万科热橙,花都,花山,机场高速花山出口",简单装修,雅居乐万科热橙3室2厅1卫
1室1厅1卫,100平米,低层,整租,南,950,"碧桂园假日半岛,花都,山前大道,广州花都",简单装修,碧桂园假日半岛2室1厅1卫
3室2厅1卫,95平米,低层,整租,南,1500,"天马河公馆,花都,铁路西,新街大道望亭路15号",精装修,天马河公馆3室2厅1卫
3室2厅2卫,123平米,中层,整租,南,3500,"新源雅居,花都,新区,距9号线马鞍山公园约504米,新华镇凤凰北路",简单装修,新源雅居3室2厅2卫
3室2厅1卫,96平米,高层,整租,南北,2300,"保利城花园(花都/铁路西),保利城一街3号楼",精装修,保利城花园3室2厅1卫
1室0厅1卫,44平米,中层,整租,南,1000,"万虹花园,花都,狮岭,狮岭镇南航大道",简单装修,万虹花园1室0厅1卫
1室1厅1卫,100平米,低层,整租,南,1050,"雅宝新城,花都,铁路西,广州花都",简单装修,雅宝新城2室1厅1卫
1室1厅1卫,100平米,低层,整租,南,950,"艺景明苑,花都,铁路西,距9号线广州北站约937米,广州花都",简单装修,艺景明苑2室1厅1卫
1室1厅1卫,100平米,低层,整租,南,1500,"富雅西苑,花都,旧区,广州花都",简单装修,富雅西苑1室1厅1卫
3室2厅2卫,143平米,中层,整租,东北,2700,"雅宝新城A区,花都,铁路西,新华镇平步大道中131号",精装修,雅宝新城 三房出租 全套家私家电 随时拎包入住
1室1厅1卫,100平米,低层,整租,南,800,"元邦山清水秀,花都,山前大道,广州花都",简单装修,元邦山清水秀1室1厅1卫
1室1厅1卫,100平米,低层,整租,南,1050,"豪利花园,花都,镜湖大道,广州花都",简单装修,豪利花园2室1厅1卫
1室1厅1卫,100平米,低层,整租,南,1500,"嘉粤宝铼雅居,花都,新区,广州花都",简单装修,嘉粤宝铼雅居1室1厅1卫
1室1厅1卫,100平米,低层,整租,南,1980,"祈福生活无限,花都,新区,距9号线莲塘约1018米,广州花都",简单装修,祈福生活无限2室1厅1卫
1室1厅0卫,60平米,高层,整租,不限,500,"平安*(花都/花山),花山二龙南街社区旁",简单装修,花都花山平安*60平米1室1厅
1室1厅1卫,100平米,低层,整租,南,980,"骏辉雅苑,花都,建设北,广州花都",简单装修,骏辉雅苑2室1厅1卫
1室1厅1卫,100平米,低层,整租,南,1050,"祈福生活无限,花都,新区,距9号线莲塘约1018米,广州花都",简单装修,祈福生活无限2室1厅1卫
1室1厅1卫,93平米,中层,整租,南北,800,"碧桂园空港国际,花都,新区,花安中路1号(新白云国际机场北空港大道左转500米)",简单装修,碧桂园空港国际1室1厅1卫
1室1厅1卫,100平米,低层,整租,南,1600,"嘉信华庭,花都,旧区,距9号线广州北站约1078米,广州花都",简单装修,嘉信华庭1室1厅1卫
1室1厅1卫,100平米,低层,整租,南,1500,"百合雅居,花都,狮岭,广州花都",简单装修,百合雅居1室1厅1卫
1室1厅1卫,100平米,低层,整租,南,1250,"保利城,花都,铁路西,距9号线飞鹅岭约883米,广州花都",简单装修,保利城2室1厅1卫
1室1厅1卫,100平米,低层,整租,南,1500,"碧桂园空港国际,花都,新区,广州花都",简单装修,碧桂园空港国际1室1厅1卫
1室1厅1卫,46平米,高层,整租,南,1000,"水岸峯景,花都,铁路西,新街大道望亭路15号",简装修,水岸峯景1室1厅1卫
2室2厅2卫,98平米,低层,整租,西南,2200,"雅宝新城英伦世家,花都,铁路西,新华镇平步大道中131号",精装修,雅宝新城英伦世家2室2厅2卫
3室3厅3卫,187平米,高层,整租,南,2500,"金鹏花园,花都,新区,距9号线花都广场约1124米,新华镇龙珠路新城区",豪华装修,金鹏花园3室3厅3卫
3室1厅1卫,120平米,中层,整租,东南,1000,"商业大道小区,花都,旧区,花城路商业大道",中等装修,花都旧区商业大道小区 120平米3室1厅1卫
2室1厅1卫,65平米,高层,整租,南,800,"胡忠新村(花都/旧区),花城路55号",简单装修,胡忠新村2室1厅1卫
1室1厅1卫,40平米,低层,整租,南,580,"茶园市场(花都/新区),茶园市场龙珠中路公交站附近武夷*",简装修,茶园市场 整租 1室1厅1卫 40平米(个人)
3室2厅1卫,96平米,高层,整租,南,2400,"城央御景,花都,新区,距9号线广州北站约1087米,新华街新街大道72号",精装修,花都新区城央御景 96平米3室2厅1卫南向 三阳台
2室2厅0卫,76平米,高层,整租,南,600,"荔园悦享花醍,花都,旧区,新华街迎宾大道与平步大道西交汇处",简单装修,荔园悦享花醍2室2厅0卫
2室1厅1卫,63平米,中层,整租,南,800,"美林湖国际社区,花都,美林湖,山前大道168号",简装修,美林湖国际社区2室1厅1卫
3室3厅2卫,156平米,高层,整租,南北,2500,"宾馆新村,花都,旧区,距9号线花城路约390米,花都区花城路与云山大道交界",精装修,宾馆新村 整租 3室3厅2卫 156平米(个人)
4室2厅2卫,154平米,高层,整租,南,3000,"自由人花园,花都,镜湖大道,镜湖大道与广花路交界处",毛坯,自由人花园 整租 4室2厅2卫 154平米(个人)
7室3厅7卫,388平米,高层,整租,不限,6500,"花都假日半岛(花都/山前大道),乌语花香",不限,花都假日半岛 整租 7室3厅7卫 388平米(个人)
1室1厅1卫,50平米,中层,整租,南,1000,"天马丽苑(花都/铁路西),广州花都区望亭路15号",简单装修,天马丽苑 整租 1室1厅1卫 50平米(个人)
1室2厅1卫,60平米,低层,整租,南,1000,"中国美林湖美汇半岛,花都,美林湖,山前大道与美林湖大道交汇处",简单装修,中国美林湖美汇半岛 整租 1室2厅1卫 60平米(个人)
2室2厅1卫,70平米,高层,整租,南,800,"新都花园,花都,新区,距9号线马鞍山公园约837米,广州市花都区新区建设北路117号",简单装修,新都花园2室2厅1卫
4室2厅2卫,185平米,高层,整租,西南,3800,"碧桂园假日半岛别墅,花都,山前大道,花都区山前旅游大道",精装修,花都山前大道碧桂园假日半岛别墅 185平米4室2厅2卫
3室2厅2卫,117平米,高层,整租,南,2300,"万科天景花园,花都,铁路西,距9号线花都汽车城站约656米,花都区风神大道荔江南路20号",精装修,万科天景花园 整租 3室2厅2卫 117平米(个人)
3室2厅2卫,100平米,中层,整租,南,1800,"芙蓉小区(花都/新区),广州市花都区云山大道69号",简装修,芙蓉小区 整租 3室2厅2卫 100平米(个人)
2室1厅1卫,85平米,中层,整租,南,2500,"雅居乐锦城花漾集,花都,新区,新华镇三东大道西",简单装修,雅居乐锦城花漾集 整租 2室1厅1卫 85平米(个人)
2室2厅1卫,103平米,中层,整租,南,2300,"花都银燕大厦,花都,新区,距9号线花果山公园约855米,新区公益路7号",简单装修,花都银燕大厦2室2厅1卫
1室1厅1卫,57平米,高层,整租,南,1500,"凯旋国际,花都,新区,距9号线马鞍山公园约987米,三东大道106号",不限,凯旋国际 整租 1室1厅1卫 57平米(个人)
3室2厅1卫,84平米,低层,整租,北,2200,"雅居乐万科热橙,花都,花山,机场高速花山出口",精装修,花都花山雅居乐万科热橙 84平米3室2厅1卫
2室1厅1卫,82平米,中层,整租,南,1450,"实用两房——新花苑小区(花都/旧区),新花街2号",中等装修,花都旧区实用两房——新花苑小 82平米2室1厅1卫
1室1厅1卫,100平米,低层,整租,南,950,"新街大道,花都,铁路西,距9号线广州北站约824米,广州花都",简单装修,新街大道2室1厅1卫
3室2厅2卫,118平米,中层,整租,南北,3000,"保利花城,花都,新区,花都区三东大道以西",豪华装修,花都新区保利花城 118平米3室2厅2卫
1室1厅1卫,100平米,低层,整租,南,950,"中新花园,花都,铁路西,广州花都",简单装修,中新花园2室1厅1卫
1室1厅1卫,100平米,低层,整租,南,1200,"祈福辉煌台南岸,花都,铁路西,广州花都",简单装修,祈福辉煌台南岸2室1厅1卫
1室1厅1卫,100平米,低层,整租,南,1980,"美林湖国际社区,花都,美林湖,广州花都",简单装修,美林湖国际社区2室1厅1卫
1室1厅1卫,100平米,低层,整租,南,1200,"友田碧云轩,花都,狮岭,广州花都",简单装修,友田碧云轩3室2厅1卫
1室1厅1卫,100平米,低层,整租,南,1050,"美林轩逸时光,花都,镜湖大道,广州花都",简单装修,美林轩逸时光2室1厅1卫
1室1厅1卫,100平米,低层,整租,南,550,"嘉信华庭,花都,旧区,距9号线广州北站约1078米,广州花都",简单装修,嘉信华庭1室1厅1卫
1室1厅1卫,100平米,低层,整租,南,800,"溢盈湖畔别墅,花都,狮岭,广州花都",简单装修,溢盈湖畔别墅1室1厅1卫
1室0厅0卫,35平米,低层,整租,南北,400,"广州市花都区雅源中路雅瑶旧村三队(花都/旧区),广州市花都区雅源中路雅瑶旧村三队",简装修,广州市花都区雅源中路雅瑶旧村三队 整租 1室0厅0卫 35平米(个人)
1室1厅1卫,100平米,低层,整租,南,580,"南航碧花园,花都,山前大道,广州花都",简单装修,南航碧花园1室1厅1卫
1室1厅1卫,100平米,低层,整租,南,1600,"美林湖国际社区汇泉湾花溪,花都,山前大道,广州花都",简单装修,美林湖国际社区汇泉湾花溪1室1厅1卫
1室1厅1卫,100平米,低层,整租,南,1280,"中国美林湖天琴半岛,花都,山前大道,广州花都",简单装修,中国美林湖天琴半岛3室2厅1卫
1室1厅1卫,100平米,低层,整租,南,880,"万科天景花园,花都,铁路西,距9号线花都汽车城站约656米,广州花都",简单装修,万科天景花园1室1厅1卫
1室1厅1卫,100平米,低层,整租,南,1050,"雅居乐锦城花漾集,花都,新区,广州花都",简单装修,雅居乐锦城花漾集2室1厅1卫
1室1厅1卫,100平米,低层,整租,南,800,"金华花园,花都,铁路西,广州花都",简单装修,金华花园1室1厅1卫
1室1厅1卫,100平米,低层,整租,南,950,"阳光雅居,花都,建设北,广州花都",简单装修,阳光雅居2室1厅1卫
1室1厅1卫,100平米,低层,整租,南,1600,"中国美林湖天琴半岛,花都,山前大道,广州花都",简单装修,中国美林湖天琴半岛1室1厅1卫
1室1厅1卫,100平米,低层,整租,南,1100,"御华园,花都,狮岭,广州花都",简单装修,御华园2室1厅1卫
1室1厅1卫,100平米,低层,整租,南,1250,"富力金港城东区,花都,花东,广州花都",简单装修,富力金港城东区3室2厅1卫
1室1厅1卫,100平米,低层,整租,南,1050,"万虹花园,花都,狮岭,广州花都",简单装修,万虹花园2室1厅1卫
1室1厅1卫,100平米,低层,整租,南,1600,"紫光园,花都,新区,距9号线花都广场约720米,广州花都",简单装修,紫光园1室1厅1卫
1室1厅1卫,100平米,低层,整租,南,670,"富雅西苑,花都,旧区,广州花都",简单装修,富雅西苑1室1厅1卫
1室1厅1卫,100平米,低层,整租,南,980,"云峰花园,花都,镜湖大道,距9号线清埗约457米,广州花都",简单装修,云峰花园2室1厅1卫
1室1厅1卫,100平米,低层,整租,南,1050,"云峰花园,花都,镜湖大道,距9号线清埗约457米,广州花都",简单装修,云峰花园2室1厅1卫
1室1厅1卫,100平米,低层,整租,南,1250,"绿地新里缇香公馆,花都,建设北,广州花都",简单装修,绿地新里缇香公馆3室2厅1卫
1室1厅1卫,100平米,低层,整租,南,1200,"新华街光明巷,花都,旧区,距9号线花城路约503米,广州花都",简单装修,新华街光明巷2室1厅1卫
1室1厅1卫,100平米,低层,整租,南,1380,"祈福生活无限,花都,新区,距9号线莲塘约1018米,广州花都",简单装修,祈福生活无限2室1厅1卫
1室1厅1卫,100平米,低层,整租,南,980,"雅图花园,花都,旧区,广州花都",简单装修,雅图花园2室1厅1卫
1室1厅1卫,100平米,低层,整租,南,1600,"智烨山水豪庭,花都,狮岭,广州花都",简单装修,智烨山水豪庭1室1厅1卫
1室1厅1卫,100平米,低层,整租,南,800,"金河湾,花都,新区,距9号线花果山公园约838米,广州花都",简单装修,金河湾1室1厅1卫
1室1厅1卫,100平米,低层,整租,南,550,"雅居乐花样巴黎,花都,新区,距9号线马鞍山公园约283米,广州花都",简单装修,雅居乐花样巴黎1室1厅1卫
1室1厅1卫,100平米,低层,整租,南,1050,"五华直街小区,花都,旧区,广州花都",简单装修,五华直街小区2室1厅1卫
1室1厅1卫,100平米,低层,整租,南,1600,"嘉汇城,花都,镜湖大道,广州花都",简单装修,嘉汇城1室1厅1卫
1室1厅1卫,100平米,低层,整租,南,670,"雅居乐花样巴黎,花都,新区,距9号线马鞍山公园约283米,广州花都",简单装修,雅居乐花样巴黎1室1厅1卫
1室1厅1卫,100平米,低层,整租,南,600,"风神公社,花都,新区,距9号线飞鹅岭约261米,广州花都",简单装修,风神公社1室1厅1卫
1室1厅1卫,100平米,低层,整租,南,650,"学府花园,花都,新区,广州花都",简单装修,学府花园1室1厅1卫
1室1厅1卫,100平米,低层,整租,南,1300,"花都雅居乐花园,花都,新区,距9号线马鞍山公园约669米,广州花都",简单装修,花都雅居乐花园3室2厅1卫
1室1厅1卫,100平米,低层,整租,南,570,"怡雅花园,花都,旧区,距9号线花城路约1101米,广州花都",简单装修,怡雅花园1室1厅1卫
1室1厅1卫,100平米,低层,整租,南,1200,"艺景明苑,花都,铁路西,距9号线广州北站约937米,广州花都",简单装修,艺景明苑2室1厅1卫
1室1厅1卫,100平米,低层,整租,南,1100,"南航碧花园,花都,山前大道,广州花都",简单装修,南航碧花园2室1厅1卫
1室1厅1卫,100平米,低层,整租,南,980,"祈福都会,花都,花山,广州花都",简单装修,祈福都会2室1厅1卫
1室1厅1卫,100平米,低层,整租,南,1280,"名门国际公寓,花都,新区,距9号线马鞍山公园约1046米,广州花都",简单装修,名门国际公寓2室1厅1卫
1室1厅1卫,100平米,低层,整租,南,1200,"蓝色天马河,花都,铁路西,广州花都",简单装修,蓝色天马河2室1厅1卫
1室1厅1卫,100平米,低层,整租,南,1600,"金河湾,花都,新区,距9号线花果山公园约838米,广州花都",简单装修,金河湾1室1厅1卫
1室1厅1卫,100平米,低层,整租,南,1200,"碧桂园假日半岛翠山湖畔,花都,山前大道,广州花都",简单装修,碧桂园假日半岛翠山湖畔2室1厅1卫
1室1厅1卫,100平米,低层,整租,南,1280,"盈宝楼,花都,旧区,广州花都",简单装修,盈宝楼2室1厅1卫
1室1厅1卫,100平米,低层,整租,南,1600,"南航花园,花都,新区,距9号线马鞍山公园约737米,广州花都",简单装修,南航花园1室1厅1卫
1室1厅1卫,100平米,低层,整租,南,1500,"银星花园,花都,新区,距9号线马鞍山公园约799米,广州花都",简单装修,银星花园1室1厅1卫
1室1厅1卫,100平米,低层,整租,南,800,"雅宝新城,花都,铁路西,广州花都",简单装修,雅宝新城1室1厅1卫
1室1厅1卫,100平米,低层,整租,南,1050,"美力花园,花都,新区,距9号线花都广场约1186米,广州花都",简单装修,美力花园2室1厅1卫
1室1厅1卫,100平米,低层,整租,南,600,"雅宝新城雅宝名居,花都,铁路西,广州花都",简单装修,雅宝新城雅宝名居1室1厅1卫
1室1厅1卫,100平米,低层,整租,南,1080,"雅宝新城名门世家,花都,铁路西,广州花都",简单装修,雅宝新城名门世家2室1厅1卫
1室1厅1卫,100平米,低层,整租,南,950,"碧桂园假日半岛映月湾,花都,山前大道,广州花都",简单装修,碧桂园假日半岛映月湾2室1厅1卫
1室1厅1卫,100平米,低层,整租,南,1280,"雅宝新城雅宝名居,花都,铁路西,广州花都",简单装修,雅宝新城雅宝名居2室1厅1卫
1室1厅1卫,72平米,低层,整租,南北,650,"富力金港城,花都,花东,花东镇金谷工业区现代大道",精装修, 整租 1室1厅1卫 72平米(个人)
2室1厅1卫,62平米,高层,整租,南,1200,"金碧御水山庄,花都,山前大道,狮岭镇山前大道",简单装修,金碧御水山庄 整租 2室1厅1卫 62平米(个人)
1室1厅1卫,67平米,低层,整租,南北,500,"合和新城,花都,镜湖大道,迎宾大道3号(近万和北路)",精装修, 整租 1室1厅1卫 67平米(个人)
1室1厅1卫,100平米,低层,整租,南,780,"南华时代城,花都,铁路西,广州花都",简单装修,南华时代城1室1厅1卫
1室1厅1卫,100平米,低层,整租,南,670,"松园里小区,花都,新区,广州花都",简单装修,松园里小区1室1厅1卫
1室1厅1卫,100平米,低层,整租,南,1500,"云峰花园,花都,镜湖大道,距9号线清埗约362米,广州花都",简单装修,云峰花园1室1厅1卫
1室1厅1卫,100平米,低层,整租,南,800,"五华直街小区,花都,旧区,广州花都",简单装修,五华直街小区1室1厅1卫
1室1厅1卫,100平米,低层,整租,南,1200,"天马河壹号,花都,铁路西,距9号线花都汽车城站约748米,广州花都",简单装修,天马河壹号2室1厅1卫
1室1厅1卫,100平米,低层,整租,南,800,"天马河壹号,花都,铁路西,距9号线花都汽车城站约748米,广州花都",简单装修,天马河壹号1室1厅1卫
1室1厅1卫,100平米,低层,整租,南,1100,"家和逸品苑,花都,建设北,广州花都",简单装修,家和逸品苑2室1厅1卫
1室1厅1卫,100平米,低层,整租,南,1050,"中国美林湖美汇半岛,花都,美林湖,广州花都",简单装修,中国美林湖美汇半岛2室1厅1卫
1室1厅1卫,100平米,低层,整租,南,1050,"中国美林湖天琴半岛,花都,山前大道,广州花都",简单装修,中国美林湖天琴半岛2室1厅1卫
1室1厅1卫,100平米,低层,整租,南,1980,"新华街光明巷,花都,旧区,距9号线花城路约503米,广州花都",简单装修,新华街光明巷2室1厅1卫
1室1厅1卫,100平米,低层,整租,南,980,"清华苑,花都,旧区,距9号线花果山公园约338米,广州花都",简单装修,清华苑2室1厅1卫
1室1厅1卫,100平米,低层,整租,南,980,"南航碧花园,花都,山前大道,广州花都",简单装修,南航碧花园2室1厅1卫
1室1厅1卫,100平米,低层,整租,南,1500,"雅居乐花样巴黎,花都,新区,距9号线马鞍山公园约283米,广州花都",简单装修,雅居乐花样巴黎1室1厅1卫
1室1厅1卫,100平米,低层,整租,南,950,"俊怡御景花园,花都,建设北,广州花都",简单装修,俊怡御景花园2室1厅1卫
1室1厅1卫,100平米,低层,整租,南,1050,"合裕华亭,花都,花山,广州花都",简单装修,合裕华亭2室1厅1卫
1室1厅1卫,100平米,低层,整租,南,1050,"航都花园,花都,新区,距9号线花果山公园约641米,广州花都",简单装修,航都花园2室1厅1卫
1室1厅1卫,100平米,低层,整租,南,1050,"美林湖国际社区,花都,美林湖,广州花都",简单装修,美林湖国际社区2室1厅1卫
1室1厅1卫,100平米,低层,整租,南,1100,"祈福万景峰,花都,铁路西,距9号线广州北站约1046米,广州花都",简单装修,祈福万景峰2室1厅1卫
1室1厅1卫,100平米,低层,整租,南,1600,"狮风小区,花都,狮岭,广州花都",简单装修,狮风小区1室1厅1卫
1室1厅1卫,100平米,低层,整租,南,1200,"紫薇丽都,花都,新区,距9号线马鞍山公园约483米,广州花都",简单装修,紫薇丽都3室2厅1卫
1室1厅1卫,100平米,低层,整租,南,1600,"元邦山清水秀,花都,山前大道,广州花都",简单装修,元邦山清水秀1室1厅1卫
1室1厅1卫,100平米,低层,整租,南,580,"雅宝新城名门世家,花都,铁路西,广州花都",简单装修,雅宝新城名门世家1室1厅1卫
1室1厅1卫,100平米,低层,整租,南,770,"美汇半岛,花都,美林湖,广州花都",简单装修,美汇半岛1室1厅1卫
1室1厅1卫,100平米,低层,整租,南,800,"俊怡云山御居,花都,建设北,广州花都",简单装修,俊怡云山御居1室1厅1卫
1室1厅1卫,100平米,低层,整租,南,1250,"金联市场,花都,旧区,距9号线花果山公园约901米,广州花都",简单装修,金联市场3室2厅1卫
1室1厅1卫,100平米,低层,整租,南,950,"福宁路小区,花都,旧区,距9号线广州北站约228米,广州花都",简单装修,福宁路小区2室1厅1卫
1室1厅1卫,100平米,低层,整租,南,1100,"平福小区,花都,旧区,广州花都",简单装修,平福小区2室1厅1卫
1室1厅1卫,100平米,低层,整租,南,1600,"新街大道,花都,铁路西,距9号线广州北站约824米,广州花都",简单装修,新街大道1室1厅1卫
1室1厅1卫,100平米,低层,整租,南,600,"南航碧花园,花都,山前大道,广州花都",简单装修,南航碧花园1室1厅1卫
1室1厅1卫,100平米,低层,整租,南,780,"花都雅居乐花园,花都,新区,距9号线马鞍山公园约669米,广州花都",简单装修,花都雅居乐花园1室1厅1卫
2室2厅1卫,100平米,高层,整租,南北,500,"广州市花都区花东镇莘田村大路上2号(花都/花东),广州市花都区花东镇莘田村",精装修,广州市花都区花东镇莘田村大路上2号 整租 2室2厅1卫 100平米(个
1室1厅1卫,100平米,低层,整租,南,1100,"致尚城楼,花都,新区,距9号线花果山公园约861米,广州花都",简单装修,致尚城楼2室1厅1卫
1室1厅1卫,100平米,低层,整租,南,980,"牡丹花园,花都,新区,距9号线花都广场约699米,广州花都",简单装修,牡丹花园2室1厅1卫
1室1厅1卫,60平米,低层,整租,南,1800,"花都清莲路住家*(花都/旧区),花都清莲路12号",精装修,花都清莲路住家*1室1厅1卫
1室1厅1卫,100平米,低层,整租,南,1050,"友田碧云轩,花都,狮岭,广州花都",简单装修,友田碧云轩2室1厅1卫
1室1厅1卫,100平米,低层,整租,南,1380,"富雅西苑,花都,旧区,广州花都",简单装修,富雅西苑2室1厅1卫
1室1厅1卫,100平米,低层,整租,南,770,"城央御景,花都,新区,距9号线广州北站约1087米,广州花都",简单装修,城央御景1室1厅1卫
1室1厅1卫,100平米,低层,整租,南,1400,"雅图花园,花都,旧区,广州花都",简单装修,雅图花园3室2厅1卫
1室1厅1卫,100平米,低层,整租,南,700,"尚品雅居,花都,旧区,广州花都",简单装修,尚品雅居1室1厅1卫
1室1厅1卫,100平米,低层,整租,南,880,"保利城,花都,铁路西,距9号线飞鹅岭约883米,广州花都",简单装修,保利城1室1厅1卫
1室1厅1卫,100平米,低层,整租,南,950,"绿地新里缇香公馆,花都,建设北,广州花都",简单装修,绿地新里缇香公馆2室1厅1卫
1室1厅1卫,100平米,低层,整租,南,1500,"溢盈湖畔别墅,花都,狮岭,广州花都",简单装修,溢盈湖畔别墅1室1厅1卫
1室1厅1卫,100平米,低层,整租,南,1500,"嘉逸华庭,花都,铁路西,距9号线广州北站约1158米,广州花都",简单装修,嘉逸华庭1室1厅1卫
1室1厅1卫,100平米,低层,整租,南,1600,"湖畔花园,花都,旧区,距9号线花城路约1045米,广州花都",简单装修,湖畔花园1室1厅1卫
1室1厅1卫,100平米,低层,整租,南,1200,"学府花园,花都,新区,广州花都",简单装修,学府花园2室1厅1卫
1室1厅1卫,100平米,低层,整租,南,660,"福虹阳光美地,花都,建设北,广州花都",简单装修,福虹阳光美地1室1厅1卫
1室1厅1卫,100平米,低层,整租,南,980,"轩逸荟,花都,狮岭,广州花都",简单装修,轩逸荟2室1厅1卫
1室0厅1卫,50平米,高层,整租,南,1800,"广州万达文化旅游城,花都,新区,平步大道与曙光路交汇处",简单装修,广州万达文化旅游城1室0厅1卫
1室1厅1卫,100平米,低层,整租,南,770,"好美嘉园,花都,炭步,广州花都",简单装修,好美嘉园1室1厅1卫
1室1厅1卫,100平米,低层,整租,南,680,"狮城国际,花都,狮岭,广州花都",简单装修,狮城国际1室1厅1卫
1室1厅1卫,40平米,中层,整租,南北,1600,"勤天SOLO上作,花都,镜湖大道,距9号线清埗约580米,花都区镜湖迎宾大道",精装修,安合勤天 地铁口物业 空港快线 一房一厅 家具齐全
1室1厅1卫,43平米,中层,整租,南,1600,"广州万达文化旅游城,花都,新区,平步大道与曙光路交汇处",简装修,花都万达城单房出租，家私电器齐全，采光通风好，
3室2厅2卫,97平米,低层,整租,南,2200,"轩逸荟,花都,狮岭,花都区狮岭镇狮岭大道东17号",精装修,轩逸荟 精装三房出租 南向仅租2200 家私家电配套齐全
2室1厅1卫,81平米,高层,整租,南,1500,"美林湖国际社区四期天汇半岛,花都,美林湖,山前大道168号",简装修,美林湖 精装温馨舒适干净整洁两房 通风采光好 景观视野开阔
6室2厅2卫,385平米,高层,整租,南,8000,"凯旋门,花都,新区,距9号线花都广场约1148米,新华三东大道89号",精装修,三东村独栋别墅豪华装修 交通方便
4室2厅2卫,160平米,低层,整租,北,2300,"金碧御水山庄,花都,山前大道,狮岭镇山前大道",精装修,金碧御水山庄精装四房 家电家私齐全 2300元/月 拎包入住
2室2厅1卫,85平米,低层,整租,东南,1200,"花都公园前路小区,花都,旧区,距9号线花城路约327米,旧区公园前路",简装修,公园前路小区低层两房出租 出行方便 就近地铁
2室2厅1卫,62平米,高层,整租,东,2200,"合和新城,花都,镜湖大道,距9号线清埗约859米,迎宾大道3号（近万和北路）",精装修,合和新城 地铁口 两房带精装修 家私家电齐全仅租2200元
1室1厅1卫,100平米,低层,整租,南,1600,"好美华庭,花都,新区,广州花都",简单装修,好美华庭1室1厅1卫
2室2厅2卫,90平米,中层,整租,南,2700,"合和新城,花都,镜湖大道,距9号线清埗约859米,迎宾大道3号（近万和北路）",精装修,合和新城 京仕广场附近 温馨干净 机场板块 拎包入住
3室2厅2卫,148平米,高层,整租,南,3000,"钻石花苑,花都,新区,距9号线花都广场约464米,龙珠路13号",精装修,新区三房出租，格局方正，南北对流，精装修，近口物业，家私
3室2厅2卫,120平米,中层,整租,南,2300,"馨泉花园,花都,新区,平龙路19号",精装修,馨泉花园舒适大三房出租，南北对流，釆光好！
2室2厅1卫,77平米,高层,整租,南,2000,"祈福天龙苑,花都,铁路西,距9号线广州北站约1046米,花都区新华镇新街大道中",精装修,祈福天龙苑小区高层两房出租
2室2厅1卫,69平米,高层,整租,北,2500,"合和新城,花都,镜湖大道,距9号线清埗约859米,迎宾大道3号（近万和北路）",精装修,精装两房 合和新城 机组快线 空港经济圈 口
3室2厅2卫,113平米,低层,整租,南,3600,"锦尚蓬莱苑,花都,新区,距9号线莲塘约950米,花都区新华镇商业大道以北凤凰北路东侧",简装修,锦尚蓬莱 3房2厅 马鞍山旁边 大型小区 环境优美 家电齐全
3室2厅2卫,110平米,高层,整租,南,3000,"云峰花园,花都,镜湖大道,距9号线清埗约457米,镜湖大道2号",精装修,会有始料不及的运气，会有突如其来的欢喜，会有满心欢喜的房子
1室1厅1卫,50平米,高层,整租,东,2500,"云峰花园,花都,镜湖大道,距9号线清埗约457米,镜湖大道2号",精装修,精装修温馨复式1房1厅只需2500元 随时可看房
2室2厅1卫,83平米,中层,整租,南,2800,"云珠花园,花都,新区,距9号线马鞍山公园约847米,龙珠路35号",精装修,云珠花园 大润发旁 精装修2房 交通便利 拎包即住
1室0厅1卫,46平米,高层,整租,南,1500,"保利高尔夫郡,花都,铁路西,距9号线飞鹅岭约325米,风神大道新体育馆旁",精装修,保利高尔夫郡 水晶 1房出租 仅需1500
3室2厅1卫,103平米,低层,整租,东南,2500,"雅居乐锦城,花都,新区,新华三东大道西（南方花卉交易中心西侧）",精装修,蜗居好房 温馨的代名词 简约而不简单 雅居乐锦城
3室2厅2卫,127平米,中层,整租,南,2200,"银菊花小区,花都,新区,距9号线花都广场约712米,公益路18号",精装修,花都广场 银菊花小区设施完善的3房2厅 舒适环境 等你享受
2室2厅1卫,89平米,中层,整租,南,2600,"嘉汇城,花都,镜湖大道,广花路东镜段",简装修,嘉汇城 2房2厅 装修漂亮 全新家私家电 仅租2600元 图
1室1厅1卫,45平米,中层,整租,南,1800,"星港国际(商用),花都,旧区,距9号线莲塘约71米,新华迎宾大道东侧（广大附中斜对面）",简装修,星港国际 靓装1房1厅 拧包入住
2室1厅1卫,60平米,高层,整租,南,1800,"宝铼雅居,花都,新区,新华街迎宾大道西与平步大道交汇处",精装修,宝铼雅居 精装修 复式 2房2厅 东南向望花园 视野开阔 舒适
2室2厅1卫,68平米,中层,整租,北,2400,"合和新城,花都,镜湖大道,距9号线清埗约859米,迎宾大道3号（近万和北路）",精装修,合和新城，温馨小两房，业主诚心放租，视野好 。
1室1厅1卫,50平米,低层,整租,南,1600,"云峰花园,花都,镜湖大道,距9号线清埗约457米,镜湖大道2号",精装修,云峰花园 单间南向 家私家电齐全 拎包入住 有钥匙随时看
3室2厅1卫,103平米,低层,整租,东南,2500,"雅居乐锦城,花都,新区,新华三东大道西（南方花卉交易中心西侧）",精装修,雅居乐锦城 好房温馨的代名词 简约而不简单 配套成熟 舒适
2室2厅1卫,77平米,高层,整租,南,2000,"祈福天龙苑,花都,铁路西,距9号线广州北站约1046米,花都区新华镇新街大道中",豪华装修,祈福天龙苑业主配齐家私家电出租
2室2厅1卫,95平米,中层,整租,南北,2000,"豪利花园,花都,镜湖大道,镜湖大道18号",精装修,超级，豪利花园全新精装修2室，舒适的享受
2室2厅1卫,68平米,低层,整租,南,1800,"祈福辉煌台,花都,铁路西,云山大道农新路1号",中装修,祈福辉煌台 地铁住宅两房租1800
1室1厅1卫,66平米,低层,整租,北,2200,"雅居乐锦城,花都,新区,新华三东大道西（南方花卉交易中心西侧）",豪华装修,雅居乐锦城 看着舒心住着放心
3室2厅2卫,98平米,高层,整租,南北,2500,"南航花园,花都,新区,距9号线马鞍山公园约737米,新华镇新都大道103号",毛坯,南航花园三房 机场快线 机组车线 口物业 深航花园旁
2室2厅2卫,95平米,高层,整租,南,3200,"骏威·锦东花园,花都,新区,距9号线花都广场约725米,曙光大道桂花路61号",精装修,新区锦东小区 精装两房出租 口繁华地段环境干净舒适
3室2厅1卫,94平米,高层,整租,南北,2000,"保利花城,花都,新区,花都区三东大道以西",精装修,保利花城 精装修南北通透 朝向 图片 拎包即住
1室1厅1卫,56平米,中层,整租,南,2700,"星港国际(商用),花都,旧区,距9号线莲塘约71米,新华迎宾大道东侧（广大附中斜对面）",简装修,碧桂园.星港国际，莲塘地铁口，花都湖湿地公园，广大，机场
3室2厅1卫,101平米,高层,整租,北,2200,"雅居乐御宾府,花都,新区,距9号线花都广场约389米,新华街百合路35号",精装修,雅居乐 精装3房 高层视野 拎包可入住2200
3室2厅1卫,100平米,低层,整租,南,2000,"馨泉花园,花都,新区,平龙路19号",中装修,馨泉花园小三房出租，南向，带全屋家电。
1室2厅1卫,60平米,高层,整租,南,700,"美林湖国际社区四期天汇半岛,花都,美林湖,山前大道168号",中装修,东南向 通风采光好 中层单位景观好
2室1厅1卫,57平米,中层,整租,南,3000,"星港国际(商用),花都,旧区,距9号线莲塘约71米,新华迎宾大道东侧（广大附中斜对面）",豪华装修,碧桂园.星港国际，莲塘地铁口，花都湖湿地公园，广大，机场
2室2厅1卫,66平米,低层,整租,南,2000,"雅居乐锦城,花都,新区,新华三东大道西（南方花卉交易中心西侧）",精装修,雅居乐锦城 65方两房一厅 家私电器齐全
2室2厅1卫,94平米,低层,整租,南,2600,"合和新城,花都,镜湖大道,距9号线清埗约859米,迎宾大道3号（近万和北路）",简装修,合和新城 机组快线 地铁 精装2房 家私家电齐全 领包入住
1室1厅1卫,48平米,中层,整租,北,2000,"京仕商业广场,花都,旧区,距9号线清埗约826米,新华镇迎宾大道179号",精装修,京仕广场，机场沿线，楼下美食街，周便配套成熟，图片，
1室1厅1卫,45平米,低层,整租,南,1600,"星港国际(商用),花都,旧区,距9号线莲塘约71米,新华迎宾大道东侧（广大附中斜对面）",简装修,碧桂园星港国际 地铁口 靓装修1房 租金紧1600元
4室2厅2卫,152平米,中层,整租,南,2500,"金鹏花园,花都,新区,距9号线花都广场约1124米,新华镇龙珠路新城区",简装修,配套齐全，金鹏花园 2500元 4室2厅2卫 普通装修急租
3室2厅2卫,104平米,中层,整租,北,3200,"馨庭花园,花都,新区,距9号线花都广场约632米,新华镇迎宾大道68号",精装修,馨庭花园 中楼层3房 近花都广场口 家私电齐全 拎包记住
1室1厅1卫,32平米,高层,整租,南,600,"海怡阁,花都,新区,距9号线花都广场约713米,广州市花都区新华镇龙珠路",中装修,海怡阁一室一厅出租，采光度，小区交通便利近花都广场
2室2厅1卫,80平米,高层,整租,南,950,"美林湖国际社区四期天汇半岛,花都,美林湖,山前大道168号",简装修,美林湖 两房格局方正 通风采光好 安静望花园 干净整洁
2室1厅1卫,50平米,中层,整租,西南,650,"五华村小区,花都,旧区,花都旧区五华村",简装修,五华村小区 新装修拎包入住 交通便利
3室2厅2卫,112平米,中层,整租,南,3000,"雅居乐雍逸豪廷,花都,新区,距9号线花都广场约719米,花都区凤凰北路32-33号",精装修,雅居乐雍华庭花都广场 大润发商圈 精装三房 物美价廉拎包入住
4室2厅2卫,132平米,中层,整租,南,1700,"保利城二期,花都,铁路西,距9号线飞鹅岭约1148米,汽车城花港大道",精装修,保利城花园4房，空房出租，干净卫生
1室1厅1卫,46平米,高层,整租,南,1600,"云峰花园,花都,镜湖大道,距9号线清埗约457米,镜湖大道2号",精装修,听说你近来还在找一房一厅那么 请看云峰花园精装一房一厅
2室2厅1卫,85平米,高层,整租,北,2100,"合和新城,花都,镜湖大道,距9号线清埗约859米,迎宾大道3号（近万和北路）",精装修,百合，高楼层配套整洁舒适，价格实惠
3室2厅2卫,120平米,低层,整租,南,3600,"深航御花园,花都,新区,距9号线马鞍山公园约860米,新华街曙光大道与迎宾大道交汇处",精装修,区府板块，花都广场口物业，深航花园电梯三房，仅租3600
3室2厅1卫,96平米,低层,整租,北,2600,"御华园,花都,狮岭,花都区狮岭镇狮岭大道东1号",精装修,御华园小区 3房2厅租2600 家私家电齐全 拎包入住
2室2厅2卫,91平米,中层,整租,南,2800,"合和新城,花都,镜湖大道,距9号线清埗约859米,迎宾大道3号（近万和北路）",豪华装修,合和新城机组车就在门口 豪华装修两房两卫 家私电齐全拎包入住
1室0厅1卫,46平米,中层,整租,东南,1500,"保利高尔夫郡,花都,铁路西,距9号线飞鹅岭约325米,风神大道新体育馆旁",精装修,保利高尔夫郡 温馨浪漫 一房一卫家电齐全仅需1500
2室2厅1卫,88平米,中层,整租,南,2400,"豪利花园,花都,镜湖大道,镜湖大道18号",简装修,豪利花园 温馨2房 全屋家私家电很新净 给您一个家的感觉
1室1厅1卫,48平米,中层,整租,东西,1600,"勤天SOLO上作,花都,镜湖大道,距9号线清埗约580米,花都区镜湖迎宾大道",简装修,勤天上作中高层精装 莲塘站地铁口 配套成熟
3室2厅1卫,92平米,中层,整租,南,3000,"云峰花园,花都,镜湖大道,距9号线清埗约457米,镜湖大道2号",精装修,云峰花园9号线清布站户型方正纯南向开阔视野随时看房
1室1厅1卫,50平米,高层,整租,南,1500,"银丰国际公寓,花都,旧区,距9号线花城路约490米,广州市花都区新华街云山大道31号(云山大道与公元前交",精装修,银丰国际 华润万家楼上 家私家电齐全拎包入住包网费
1室1厅1卫,71平米,高层,整租,南,2800,"京仕商业广场,花都,旧区,距9号线清埗约826米,新华镇迎宾大道179号",精装修,京仕国际，精装一房一厅，拎包入住
3室2厅1卫,97平米,低层,整租,南,2500,"雅居乐岭会,花都,建设北,狮岭镇新庄村内，芙蓉大道东侧",豪华装修,建设路雅居乐岭会豪装3室2厅1卫
1室1厅1卫,32平米,高层,整租,南,800,"海怡阁,花都,新区,距9号线花都广场约713米,广州市花都区新华镇龙珠路",精装修,海怡阁 一房一厅 家电齐全 拎包入住
2室2厅1卫,60平米,高层,整租,南,2800,"合和新城,花都,镜湖大道,距9号线清埗约859米,迎宾大道3号（近万和北路）",精装修,合和新城 机场快线 全新家私电
3室2厅2卫,107平米,高层,整租,南,3000,"路劲隽悦豪庭,花都,旧区,广清高速公路以东、三东大道西以北",毛坯,隽悦豪庭 中高楼层3房2卫 采光通透 家私电器齐全 随时看房
3室2厅2卫,140平米,中层,整租,南,3800,"云峰花园,花都,镜湖大道,距9号线清埗约457米,镜湖大道2号",精装修,找呀找呀找云峰花园房子，来云峰物业租售给您温馨好房子
1室1厅1卫,35平米,高层,整租,南北,2000,"大运家园,花都,新区,距9号线马鞍山公园约396米,迎宾大道105号",精装修,大运家园 环境安静 拎包入住 口 机组车专线
3室2厅1卫,103平米,中层,整租,南北,2600,"豪利花园,花都,镜湖大道,镜湖大道18号",精装修,正规豪利花园，拎包入住！家，就该是这种感觉！
2室2厅1卫,90平米,低层,整租,南,2000,"风神公社,花都,新区,距9号线飞鹅岭约261米,风神大道6号",精装修,风神公社 两房带一个书房 家电齐全 拎包入住 诚意出租
2室2厅1卫,86平米,高层,整租,南,2600,"云峰花园,花都,镜湖大道,距9号线清埗约457米,镜湖大道2号",简装修,，家私电全齐，业主放租，来电即看
1室1厅1卫,71平米,高层,整租,南,2800,"京仕商业广场,花都,旧区,距9号线清埗约826米,新华镇迎宾大道179号",简装修,京仕国际，精装一房一厅，拎包入住
3室2厅1卫,91平米,中层,整租,南,1700,"风神公社,花都,新区,距9号线飞鹅岭约261米,风神大道6号",精装修,风神公社 地铁口物业 家电齐全 拎包入住 交通便利
3室2厅1卫,92平米,高层,整租,东,2600,"嘉汇城,花都,镜湖大道,广花路东镜段",简装修,嘉汇城 自由人旁 大型花园小区 电梯高层南向三房
1室1厅1卫,55平米,中层,整租,东南,1900,"京仕商业广场,花都,旧区,距9号线清埗约826米,新华镇迎宾大道179号",精装修,京仕广场 精装一房 机组车线 配套成熟 欢迎拎包入住
2室2厅1卫,83平米,中层,整租,东南,1800,"富力金港城东区,花都,花东,花东镇金谷工业区现代大道",精装修,金港城精装中层洋房出租.
2室2厅1卫,78平米,中层,整租,南,2000,"合和新城,花都,镜湖大道,距9号线清埗约859米,迎宾大道3号（近万和北路）",简装修,百合，全新装修没住过，温馨2房，交通便利，采光好
2室2厅1卫,70平米,中层,整租,东南,2800,"云珠花园,花都,新区,距9号线马鞍山公园约847米,龙珠路35号",精装修,来又来大润发 云珠花园 电梯中层 两房 拎包入住 机场快线
2室2厅1卫,82平米,中层,整租,南,2500,"时代美居,花都,新区,距9号线花果山公园约621米,新华镇宝华路30号",简装修,时代美居两房家电齐全
2室2厅1卫,66平米,中层,整租,南,1800,"雅居乐锦城花漾集,花都,新区,新华镇三东大道西",简装修,雅居乐锦城 全新两房未住 只租1800只租1800
2室1厅1卫,63平米,高层,整租,南,1600,"银菊花小区,花都,新区,距9号线花都广场约712米,公益路18号",简装修,银菊花小区温馨两房中层阳光充足家私电齐全
2室2厅1卫,73平米,高层,整租,北,2000,"京仕商业广场,花都,旧区,距9号线清埗约826米,新华镇迎宾大道179号",精装修,百合 二房 精装修 看房很方便
2室1厅1卫,90平米,高层,整租,东南,1800,"雅居乐御宾府,花都,新区,距9号线花都广场约389米,新华街百合路35号",精装修,雅居乐御宾府 精装二房 配套齐全 拎包入住1800
3室2厅2卫,93平米,中层,整租,南,2300,"美林轩逸时光,花都,镜湖大道,镜湖大道16号",精装修,美林轩逸时光精装三房，机场板块，南向高层，环境优美，拎包入住
3室2厅1卫,130平米,中层,整租,南,2700,"豪利花园,花都,镜湖大道,镜湖大道18号",简装修,豪利花园 豪华装修 3房2厅 小区 干净整洁 全新家私电器
1室1厅1卫,53平米,高层,整租,南,1800,"雅居乐汇通国际(商用),花都,建设北,平步大道西汇通广场",精装修,汇通国际 家私可配齐 中层采光好 近雅居乐锦城保利花城
2室2厅1卫,85平米,中层,整租,南北,2300,"新都城市花园,花都,新区,距9号线花都广场约910米,新华镇桂花路57号",简装修,新区新都城市花园 温馨电梯两房 管理完善 位置优越 近地铁口
3室2厅1卫,88平米,中层,整租,南北,1900,"保利城,花都,铁路西,距9号线飞鹅岭约883米,风神大道与花港大道交汇处",精装修,保利城花园 小三房 家电齐全 拎包入住 采光很好 望花园
3室2厅2卫,93平米,高层,整租,北,2200,"轩逸荟,花都,狮岭,花都区狮岭镇狮岭大道东17号",精装修,工商学院 精装三房 家私电器齐全 随时看房
3室2厅2卫,138平米,高层,整租,南,3800,"大运家园,花都,新区,距9号线马鞍山公园约396米,迎宾大道105号",豪华装修,大运家园3房两厅138方带齐出租
3室2厅2卫,141平米,低层,整租,南北,3000,"雅宝新城,花都,铁路西,新华镇平步大道中131号",简装修,雅宝新城 干净整洁给您一个舒心的家
3室2厅1卫,102平米,高层,整租,南,2500,"花都雅居乐花园,花都,新区,距9号线马鞍山公园约669米,新华镇凤凰北路33号",精装修,花都雅居乐锦城3室 业主低价出租了 环境很好
4室2厅2卫,143平米,低层,整租,南,3300,"富力金港城,花都,花东,花东镇金谷工业区现代大道",简装修,4房大户型，家电齐全
2室2厅1卫,77平米,高层,整租,北,1700,"祈福天龙苑,花都,铁路西,距9号线广州北站约1046米,花都区新华镇新街大道中",精装修,祈福天龙苑拎包入住2房
1室1厅1卫,55平米,中层,整租,南,1500,"凯旋国际公寓,花都,新区,距9号线马鞍山公园约869米,花都区三东大道南侧、百寿路西侧、梅花路北侧",精装修,凯旋国际，温馨1房，家私家电齐近国际
3室2厅2卫,89平米,高层,整租,南,2500,"南华时代城,花都,铁路西,花都区新华街工业大道18号",精装修,地铁口时代城精装三房租2500
3室2厅2卫,118平米,低层,整租,南北,2300,"鼎信四季花园,花都,建设北,新华街建设北路211号",精装修,"建设北路合兴酒店旁，四季花园 3房2卫,位置安静，拎包入住"
1室1厅1卫,52平米,中层,整租,南,2000,"御华园,花都,狮岭,花都区狮岭镇狮岭大道东1号",精装修,御华园 温馨精装一房一厅 家私家电齐全 仅租2000月
3室2厅2卫,117平米,中层,整租,南北,3200,"保利花城,花都,新区,花都区三东大道以西",精装修,"温暖又温心,保利花城精装修3室真的给你不一样的感受"
1室1厅1卫,48平米,高层,整租,东,2500,"云峰花园,花都,镜湖大道,距9号线清埗约457米,镜湖大道2号",精装修,云峰复式 家电齐全 地铁口 机组车上班点 休息好地方
1室0厅1卫,50平米,中层,整租,南,1400,"广州万达文化旅游城,花都,新区,平步大道与曙光路交汇处",简装修,万达文化旅游城，带大阳台，全新家私电，出租
2室2厅1卫,84平米,低层,整租,南北,3200,"紫薇豪苑,花都,新区,距9号线马鞍山公园约483米,区新华街兰花路5号",精装修,紫薇豪苑 精装 温馨2房 骏壹万邦商圈 口物业 家私电齐
4室2厅3卫,175平米,中层,整租,南,5000,"金碧御水山庄,花都,山前大道,狮岭镇山前大道",精装修,狮岭金碧御水山庄4房双拼别墅5000/月面向湖景精装拎包入住
3室2厅1卫,84平米,高层,整租,南,2500,"雅居乐锦城,花都,新区,新华三东大道西（南方花卉交易中心西侧）",精装修,雅居乐锦城设施完善朝南，舒适环境等你享受
3室2厅2卫,94平米,低层,整租,南北,3000,"保利花城,花都,新区,花都区三东大道以西",精装修,保利花城3室 用我真诚的服务 包您的满意！
2室2厅1卫,83平米,高层,整租,南,2500,"御华园,花都,狮岭,花都区狮岭镇狮岭大道东1号",精装修,御华园 精装修两房 干净整洁 温馨舒适 拎包即可入住
1室1厅1卫,45平米,中层,整租,南,1600,"云峰花园,花都,镜湖大道,距9号线清埗约457米,镜湖大道2号",精装修,云峰花园 精装一房 高层住宅 采光通风 家私家电齐全 拎包入
3室2厅2卫,151平米,中层,整租,南,3500,"云峰花园,花都,镜湖大道,距9号线清埗约457米,镜湖大道2号",精装修,云峰花园 合租整租都可以
3室2厅2卫,98平米,高层,整租,南,1900,"美雅苑,花都,新区,距9号线花果山公园约756米,新区宝华路6号",简装修,美雅苑 花果山地铁口旁 大三房 中高层拎包入住
1室1厅1卫,46平米,高层,整租,南,1400,"天马河公馆,花都,铁路西,新街大道望亭路15号",中装修,天马丽苑精装户型家电全金租1400元/月
1室1厅1卫,32平米,高层,整租,南,550,"五华直街小区,花都,旧区,新华镇五华直街",简装修,松园里小区出租 交通便利
2室2厅1卫,66平米,中层,整租,南,2000,"雅居乐锦城,花都,新区,新华三东大道西（南方花卉交易中心西侧）",精装修,雅居乐锦城 65方两房一厅 家私电器齐全 生活便利 交通方便
3室2厅1卫,110平米,高层,整租,南北,2800,"云峰花园,花都,镜湖大道,距9号线清埗约457米,镜湖大道2号",精装修,每天都在找房子 是不是很累呢 来我这里看看吧 云峰花园精装三房
1室1厅1卫,48平米,中层,整租,南,1500,"勤天SOLO上作,花都,镜湖大道,距9号线清埗约580米,花都区镜湖迎宾大道",简装修,勤天 家电齐全 环境舒适优雅 拎包就可入住
1室2厅1卫,71平米,高层,整租,西南,2600,"京仕商业广场,花都,旧区,距9号线清埗约826米,新华镇迎宾大道179号",简装修,京仕商业广场地铁口物业 精装1房2厅 机场专线 拎包入住
1室1厅1卫,51平米,低层,整租,南,1900,"御华园,花都,狮岭,花都区狮岭镇狮岭大道东1号",精装修,御华园，小区，1房1厅出租，环境优美，装修新净
3室2厅2卫,92平米,高层,整租,南,2300,"祈福天龙苑,花都,铁路西,距9号线广州北站约1046米,花都区新华镇新街大道中",豪华装修,3房2厅低价出租家私家电
2室1厅1卫,94平米,高层,整租,东,2600,"合和新城,花都,镜湖大道,距9号线清埗约859米,迎宾大道3号（近万和北路）",精装修,房型正气 开阳 楼层也佳 就等待你的到来
2室2厅1卫,73平米,低层,整租,东北,1600,"合和新城,花都,镜湖大道,距9号线清埗约859米,迎宾大道3号（近万和北路）",简装修,合和新城小区的百合 2室2厅1卫出租，治安管理好
1室1厅1卫,54平米,中层,整租,南,1300,"富力金港城,花都,花东,花东镇金谷工业区现代大道",简装修,温馨小居室欢迎入住
3室2厅1卫,96平米,低层,整租,南,4000,"中房观湖国际,花都,新区,滨湖路12号",简装修,中房观湖国际 3房2厅 豪华装修 高品质入住 花都湖旁
2室2厅1卫,80平米,中层,整租,南,1000,"美林湖国际社区,花都,美林湖,山前大道168号",简装修,美林湖 家私家电齐全 干净整洁 温馨舒适 通风采光好 1000元
3室2厅2卫,98平米,高层,整租,北,2800,"合和新城,花都,镜湖大道,距9号线清埗约859米,迎宾大道3号（近万和北路）",精装修,新区合和新城 机场快线 双地铁口物业 拎包入住 采光好
3室2厅2卫,115平米,低层,整租,南,3000,"骊雅居,花都,新区,距9号线莲塘约1075米,花都区新华镇商业大道与凤凰北路交汇处西北侧",简装修,锦尚蓬莱旁 骊雅居花园 温馨三房 3000元 拎包入住
3室2厅1卫,106平米,高层,整租,南,3800,"锦东花园A区,花都,新区,距9号线花都广场约903米,新华街桂花路61号（紫薇路北侧、桂花路西侧）",精装修,锦东花园区，全新清新装 户型方正，家私电齐全，可拎包入住
1室2厅1卫,60平米,低层,整租,南,1000,"美林湖国际社区四期天汇半岛,花都,美林湖,山前大道168号",精装修,安静温馨舒适 家私家电齐全 中层单位 干净整洁 通风采光好
3室2厅2卫,101平米,中层,整租,南北,2500,"合和新城,花都,镜湖大道,距9号线清埗约859米,迎宾大道3号（近万和北路）",精装修,合和新城 地铁口物 机动组专线 精装3房 拎包入住 看房方便
2室2厅1卫,84平米,高层,整租,南,2500,"南航花园,花都,新区,距9号线马鞍山公园约737米,新华镇新都大道103号",精装修,南航花园温馨2房近地铁口机场沿线家私电齐全拎包入住
2室2厅2卫,89平米,低层,整租,南北,2800,"嘉汇城,花都,镜湖大道,广花路东镜段",简装修,嘉汇城 两房两厅 采光充足 环境优雅 家私家具齐全
2室1厅1卫,80平米,高层,整租,北,1800,"馨泉花园,花都,新区,平龙路19号",精装修,馨泉花园温馨两房出租，高楼层望花园，家电齐全。
3室2厅1卫,100平米,高层,整租,南,2700,"雅居乐锦城,花都,新区,新华三东大道西（南方花卉交易中心西侧）",精装修,雅居乐锦城精装修3室出租。先到先得
3室2厅2卫,110平米,高层,整租,南,2800,"自由人花园,花都,镜湖大道,镜湖大道与广花路交界处",简装修,自由人花园 南向高楼层 3房2卫 安静舒适
3室2厅1卫,89平米,高层,整租,南,2800,"自由人花园,花都,镜湖大道,镜湖大道与广花路交界处",简装修,自由人花园 南向3房 2800元实惠出租 装修新净 家电齐
3室2厅1卫,92平米,中层,整租,南,2500,"祈福万景峰,花都,铁路西,距9号线广州北站约1046米,花都区新华镇新街大道中",简装修,地铁口祈福万景峰精装三房租2500
3室2厅1卫,99平米,中层,整租,南,3500,"锦东花园A区,花都,新区,距9号线花都广场约903米,新华街桂花路61号（紫薇路北侧、桂花路西侧）",精装修,锦东花园区，小区，豪华三房
2室2厅1卫,85平米,中层,整租,北,2600,"南航花园,花都,新区,距9号线马鞍山公园约737米,新华镇新都大道103号",精装修,南航花园 精装2房 机场沿线 双口 家私电齐全 拎包入住
3室2厅2卫,126平米,高层,整租,南,2500,"保利高尔夫郡,花都,铁路西,距9号线飞鹅岭约325米,风神大道新体育馆旁",精装修,保利高尔夫郡 三房两卫 家电齐全 交通便利 近地铁
3室2厅2卫,100平米,中层,整租,南,3000,"馨庭花园,花都,新区,距9号线花都广场约632米,新华镇迎宾大道68号",精装修,馨庭花园 温馨三房 家私家电齐全 拎包入住 地段繁华
3室2厅2卫,117平米,高层,整租,东南,2300,"雅宝新城,花都,铁路西,新华镇平步大道中131号",精装修,雅宝新城 很手很热租 3室精装修 人见人爱
3室2厅2卫,118平米,中层,整租,南,2000,"嘉爵园,花都,新区,新华镇建设北路",精装修,嘉爵园 万达商圈 电梯三房 拎包入住
2室2厅2卫,89平米,高层,整租,东南,2300,"豪利花园,花都,镜湖大道,镜湖大道18号",精装修,地铁口，精装小两房，家私电齐，整洁干净拎包入住
3室2厅1卫,92平米,中层,整租,南,2600,"嘉汇城,花都,镜湖大道,广花路东镜段",简装修,嘉汇城 2房2厅 2600元 电梯高层 南向望花园 装修漂亮
3室2厅2卫,143平米,低层,整租,南,3200,"美力盈彩花苑,花都,新区,茶园路与梅花路交汇处",精装修,美力盈彩花园 电梯大三房 全新装修 家私电齐全 来电即可看房
1室1厅1卫,50平米,中层,整租,南,1600,"云峰花园,花都,镜湖大道,距9号线清埗约457米,镜湖大道2号",简装修,云峰花园 一房一厅 机组快线 地铁口旁边 空港经济圈
3室2厅2卫,117平米,高层,整租,南,2600,"祈福辉煌台,花都,铁路西,云山大道农新路1号",精装修,祈福辉煌台 地铁口精装三房家具全租2600
3室2厅2卫,120平米,中层,整租,南北,2400,"云峰学府南苑,花都,新区,新华街乐同村学府路",简装修,南苑 3室2厅2卫
3室2厅2卫,140平米,低层,整租,南,3300,"雅宝新城,花都,铁路西,新华镇平步大道中131号",豪华装修,雅宝新城 豪华三房 宽敞阔气 主卧带观景阳台 舒适宜人
3室2厅1卫,98平米,低层,整租,西,2500,"俊怡御景花园,花都,建设北,三东大道西建设北路西侧",精装修,花都俊怡御景花园 温馨简洁 配套齐全 保养新净 仅2500
3室2厅2卫,98平米,低层,整租,南,2600,"轩逸荟,花都,狮岭,花都区狮岭镇狮岭大道东17号",精装修,轩逸荟 温馨漂亮精装三房 家私家电齐全 仅租2600/月
2室2厅2卫,77平米,高层,整租,西北,1900,"祈福天龙苑,花都,铁路西,距9号线广州北站约1046米,花都区新华镇新街大道中",简装修,北站西广场旁 祈福天龙苑 精装二房 家私家电齐 商业 生活配套齐
